id;kliendigrupp
VET-022;eraisik
VET-020;eraisik
VET-018;eraisik
VET-017;eraisik
VET-016;eraisik
AKI-017;eraisik
VET-015;eraisik
PRIA-162;eraisik
PRIA-161;eraisik
VET-014;eraisik
RAVI-046;eraisik
RAVI-045;eraisik
RAVI-044;eraisik
RAVI-043;eraisik
RAVI-041;eraisik
RAVI-040;eraisik
RAVI-039;eraisik
RAVI-038;eraisik
RAVI-037;eraisik
RAVI-036;eraisik
RAVI-035;eraisik
RAVI-034;eraisik
RAVI-033;eraisik
RAVI-032;eraisik
RAVI-031;eraisik
RAVI-030;eraisik
RAVI-029;eraisik
RAVI-028;eraisik
RAVI-027;eraisik
RAVI-026;eraisik
RAVI-025;eraisik
RAVI-024;eraisik
RAVI-023;eraisik
RAVI-022;eraisik
RAVI-021;eraisik
VET-013;eraisik
TA-002;eraisik
TA-001;eraisik
AKK-009;eraisik
AKK-008;eraisik
AKK-007;eraisik
AKK-006;eraisik
AKK-005;eraisik
AKK-004;eraisik
TERV-010;eraisik
AKK-003;eraisik
TERV-009;eraisik
AKK-002;eraisik
TERV-008;eraisik
TERV-007;eraisik
TERV-006;eraisik
TERV-004;eraisik
AKK-001;eraisik
TERV-003;eraisik
JUM-057;eraisik
RES-203;eraisik
VETL-013;eraisik
VETL-012;eraisik
VETL-011;eraisik
VETL-010;eraisik
VETL-009;eraisik
VETL-008;eraisik
VETL-007;eraisik
VETL-006;eraisik
VETL-005;eraisik
VETL-004;eraisik
VETL-003;eraisik
VETL-002;eraisik
VETL-001;eraisik
MKM-062;eraisik
MKM-061;eraisik
MKM-060;eraisik
MKM-059;eraisik
MKM-058;eraisik
MKM-057;eraisik
MKM-056;eraisik
MKM-055;eraisik
MKM-054;eraisik
MKM-053;eraisik
MKM-052;eraisik
MKM-050;eraisik
TERV-002;eraisik
MAA-047;eraisik
MAA-046;eraisik
TI-030;eraisik
TI-029;eraisik
TI-028;eraisik
TI-027;eraisik
TI-026;eraisik
TI-025;eraisik
TI-024;eraisik
TI-023;eraisik
TI-022;eraisik
TI-021;eraisik
TI-020;eraisik
TI-019;eraisik
TI-018;eraisik
TI-017;eraisik
TI-016;eraisik
TI-015;eraisik
TI-014;eraisik
TI-013;eraisik
TI-012;eraisik
TI-011;eraisik
TI-010;eraisik
EPM-017;eraisik
AHHA-009;eraisik
KKAG-040;eraisik
PMK-007;eraisik
TKA-011;eraisik
TKA-010;eraisik
TKA-009;eraisik
MA-074;eraisik
TERV-001;eraisik
KKAG-039;eraisik
TI-009;eraisik
TI-007;eraisik
TI-006;eraisik
TI-005;eraisik
TI-004;eraisik
TI-003;eraisik
TI-002;eraisik
TI-001;eraisik
KKAG-038;eraisik
ERSO-001;eraisik
KKAG-037;eraisik
PMA-035;eraisik
PMA-033;eraisik
PMA-032;eraisik
PMK-006;eraisik
KKAG-036;eraisik
MESA-002;eraisik
KKAG-035;eraisik
KKAG-034;eraisik
JUM-056;eraisik
KKAG-033;eraisik
PMA-029;eraisik
PMA-026;eraisik
ENTK-021;eraisik
ENTK-020;eraisik
ENTK-019;eraisik
ENTK-018;eraisik
ENTK-017;eraisik
ENTK-016;eraisik
ENTK-015;eraisik
ENTK-014;eraisik
ENTK-013;eraisik
ENTK-012;eraisik
ENTK-011;eraisik
ENTK-010;eraisik
ENTK-009;eraisik
ENTK-008;eraisik
ENTK-007;eraisik
ENTK-006;eraisik
ENTK-005;eraisik
ENTK-004;eraisik
MA-073;eraisik
KKAG-032;eraisik
KKAG-031;eraisik
KKAG-030;eraisik
MA-072;eraisik
MA-071;eraisik
KKAG-029;eraisik
KKAG-028;eraisik
KKAG-027;eraisik
KKAG-026;eraisik
MA-070;eraisik
KKAG-021;eraisik
KKAG-019;eraisik
PMA-024;eraisik
KKAG-018;eraisik
KKAG-017;eraisik
KKAG-016;eraisik
KKAG-015;eraisik
PRIA-160;eraisik
PRIA-159;eraisik
PRIA-158;eraisik
PRIA-157;eraisik
PRIA-156;eraisik
PRIA-155;eraisik
PRIA-154;eraisik
PRIA-153;eraisik
PRIA-152;eraisik
PRIA-151;eraisik
PRIA-150;eraisik
PRIA-149;eraisik
PRIA-148;eraisik
PRIA-147;eraisik
PRIA-146;eraisik
PRIA-145;eraisik
KKAG-014;eraisik
RAVI-020;eraisik
RAVI-019;eraisik
RAVI-018;eraisik
RAVI-017;eraisik
RAVI-016;eraisik
RAVI-015;eraisik
RAVI-014;eraisik
RAVI-013;eraisik
RAVI-011;eraisik
RAVI-010;eraisik
RAVI-009;eraisik
RAVI-008;eraisik
RAVI-007;eraisik
RAVI-006;eraisik
RAVI-005;eraisik
RAVI-004;eraisik
RAVI-003;eraisik
RAVI-002;eraisik
MFA-041;eraisik
PMA-022;eraisik
PMA-021;eraisik
PMA-020;eraisik
KKAG-013;eraisik
PMA-019;eraisik
KKAG-012;eraisik
KKAG-011;eraisik
KKAG-010;eraisik
KKAG-009;eraisik
KKAG-008;eraisik
MA-069;eraisik
PMA-017;eraisik
MFA-040;eraisik
RIK-005;eraisik
MFA-039;eraisik
KKAG-007;eraisik
KKAG-006;eraisik
KKAG-005;eraisik
MFA-038;eraisik
MFA-037;eraisik
MFA-036;eraisik
MFA-035;eraisik
MFA-034;eraisik
MFA-033;eraisik
MFA-032;eraisik
MFA-031;eraisik
MFA-030;eraisik
MFA-029;eraisik
PRIA-144;eraisik
PRIA-143;eraisik
PRIA-142;eraisik
PRIA-141;eraisik
PRIA-140;eraisik
PRIA-139;eraisik
PRIA-138;eraisik
PRIA-126;eraisik
PRIA-125;eraisik
PRIA-124;eraisik
PRIA-123;eraisik
PRIA-122;eraisik
PRIA-119;eraisik
PRIA-118;eraisik
PRIA-117;eraisik
PRIA-116;eraisik
PRIA-115;eraisik
PRIA-114;eraisik
PRIA-113;eraisik
PRIA-112;eraisik
PRIA-111;eraisik
PRIA-109;eraisik
PRIA-108;eraisik
PRIA-107;eraisik
PRIA-106;eraisik
PRIA-105;eraisik
PRIA-104;eraisik
PRIA-103;eraisik
PRIA-102;eraisik
PRIA-101;eraisik
PRIA-100;eraisik
PRIA-099;eraisik
PRIA-098;eraisik
MFA-028;eraisik
MFA-027;eraisik
MFA-026;eraisik
MFA-025;eraisik
MFA-024;eraisik
MFA-023;eraisik
HITS-006;eraisik
HITS-005;eraisik
HITS-004;eraisik
HITS-003;eraisik
HITS-002;eraisik
HITS-001;eraisik
RIIK-004;eraisik
PRIA-097;eraisik
PRIA-096;eraisik
PRIA-095;eraisik
PRIA-094;eraisik
PRIA-093;eraisik
MFA-022;eraisik
KRA-004;eraisik
MFA-021;eraisik
KRA-003;eraisik
KRA-002;eraisik
MFA-020;eraisik
MFA-019;eraisik
MFA-018;eraisik
PRIA-092;eraisik
PRIA-091;eraisik
KRA-001;eraisik
PRIA-090;eraisik
PRIA-089;eraisik
KAM-004;eraisik
KAM-003;eraisik
ESM-005;eraisik
ESM-004;eraisik
ESM-003;eraisik
KAM-002;eraisik
PRIA-088;eraisik
KKAG-004;eraisik
PRIA-087;eraisik
PRIA-085;eraisik
PRIA-084;eraisik
PRIA-083;eraisik
PRIA-082;eraisik
PRIA-081;eraisik
PRIA-080;eraisik
KI-009;eraisik
KI-008;eraisik
KI-007;eraisik
HÄIR-004;eraisik
HÄIR-003;eraisik
HÄIR-002;eraisik
KEM-027;eraisik
KEM-026;eraisik
KEM-025;eraisik
KEM-023;eraisik
RIIK-003;eraisik
KL-004;eraisik
EPA-025;eraisik
EPA-024;eraisik
EPA-023;eraisik
EPA-022;eraisik
MFA-017;eraisik
MFA-016;eraisik
RIK-004;eraisik
MA-067;eraisik
RIIK-002;eraisik
MAA-045;eraisik
MAA-044;eraisik
MAA-043;eraisik
MAA-042;eraisik
MAA-041;eraisik
MAA-040;eraisik
MFA-015;eraisik
MFA-014;eraisik
VILJ-001;eraisik
MFA-013;eraisik
MFA-012;eraisik
EPA-021;eraisik
TEHV-001;eraisik
mta-211;eraisik
PMA-015;eraisik
PMA-014;eraisik
VENE-005;eraisik
VENE-004;eraisik
VENE-003;eraisik
VENE-002;eraisik
MFA-011;eraisik
mta-210;eraisik
PMK-005;eraisik
PRIA-079;eraisik
mta-209;eraisik
PRIA-078;eraisik
PRIA-077;eraisik
PRIA-076;eraisik
PRIA-075;eraisik
mta-208;eraisik
PRIA-074;eraisik
PRIA-073;eraisik
PRIA-072;eraisik
EN-001;eraisik
PRIA-071;eraisik
PRIA-070;eraisik
mta-207;eraisik
PRIA-069;eraisik
PRIA-068;eraisik
PRIA-067;eraisik
PRIA-066;eraisik
PRIA-065;eraisik
MA-060;eraisik
mta-206;eraisik
mta-205;eraisik
mta-204;eraisik
mta-203;eraisik
mta-202;eraisik
mta-201;eraisik
mta-200;eraisik
PRIA-064;eraisik
PRIA-063;eraisik
ESM-002;eraisik
ESM-001;eraisik
NLIB-013;eraisik
NLIB-012;eraisik
NLIB-011;eraisik
NLIB-010;eraisik
NLIB-009;eraisik
NLIB-008;eraisik
MEIS-002;eraisik
VANE-001;eraisik
MEIS-001;eraisik
PARN-010;eraisik
PRIA-062;eraisik
PRIA-061;eraisik
PARN-009;eraisik
PRIA-060;eraisik
PRIA-059;eraisik
PRIA-058;eraisik
PRIA-057;eraisik
PARN-008;eraisik
PRIA-056;eraisik
PRIA-055;eraisik
PRIA-054;eraisik
PARN-007;eraisik
PARN-006;eraisik
PARN-005;eraisik
KKAG-003;eraisik
PRIA-053;eraisik
PRIA-052;eraisik
PRIA-051;eraisik
PRIA-050;eraisik
PRIA-049;eraisik
PRIA-048;eraisik
PARN-004;eraisik
PRIA-047;eraisik
PRIA-046;eraisik
PRIA-045;eraisik
PRIA-044;eraisik
PRIA-043;eraisik
PRIA-042;eraisik
PRIA-041;eraisik
PARN-003;eraisik
PAL-001;eraisik
PARN-002;eraisik
KKAG-002;eraisik
PARN-001;eraisik
HÄIR-001;eraisik
HIIU-001;eraisik
PRIA-040;eraisik
PRIA-039;eraisik
mta-199;eraisik
PRIA-038;eraisik
PRIA-037;eraisik
PRIA-036;eraisik
PRIA-035;eraisik
PRIA-034;eraisik
PRIA-033;eraisik
PRIA-032;eraisik
PRIA-031;eraisik
mta-198;eraisik
mta-197;eraisik
PRIA-030;eraisik
PRIA-029;eraisik
PRIA-028;eraisik
PRIA-027;eraisik
PRIA-026;eraisik
PRIA-025;eraisik
MAA-039;eraisik
PRIA-024;eraisik
MAA-038;eraisik
PRIA-023;eraisik
PRIA-022;eraisik
PRIA-021;eraisik
MAA-037;eraisik
PRIA-020;eraisik
MAA-036;eraisik
MAA-035;eraisik
SALM-001;eraisik
PRIA-019;eraisik
PRIA-018;eraisik
PRIA-017;eraisik
PRIA-016;eraisik
PRIA-015;eraisik
PRIA-014;eraisik
PRIA-013;eraisik
PRIA-012;eraisik
mta-196;eraisik
mta-195;eraisik
mta-194;eraisik
mta-193;eraisik
mta-192;eraisik
mta-191;eraisik
mta-190;eraisik
mta-189;eraisik
mta-188;eraisik
mta-187;eraisik
mta-186;eraisik
mta-185;eraisik
mta-184;eraisik
mta-183;eraisik
mta-182;eraisik
TAI-004;eraisik
TAI-003;eraisik
TAI-002;eraisik
mta-181;eraisik
mta-180;eraisik
mta-179;eraisik
mta-178;eraisik
mta-177;eraisik
mta-176;eraisik
mta-175;eraisik
mta-174;eraisik
mta-173;eraisik
mta-172;eraisik
mta-171;eraisik
mta-170;eraisik
mta-169;eraisik
mta-168;eraisik
mta-167;eraisik
KKAG-001;eraisik
mta-166;eraisik
mta-165;eraisik
mta-164;eraisik
mta-163;eraisik
mta-162;eraisik
mta-161;eraisik
mta-160;eraisik
mta-159;eraisik
mta-158;eraisik
mta-157;eraisik
mta-156;eraisik
mta-155;eraisik
mta-154;eraisik
mta-153;eraisik
mta-152;eraisik
mta-151;eraisik
mta-150;eraisik
mta-149;eraisik
mta-148;eraisik
mta-147;eraisik
mta-146;eraisik
mta-145;eraisik
mta-144;eraisik
mta-143;eraisik
mta-142;eraisik
mta-141;eraisik
mta-140;eraisik
mta-139;eraisik
mta-138;eraisik
mta-137;eraisik
mta-136;eraisik
mta-135;eraisik
mta-134;eraisik
mta-133;eraisik
mta-132;eraisik
RAVI-001;eraisik
VENE-001;eraisik
mta-131;eraisik
mta-130;eraisik
mta-129;eraisik
mta-128;eraisik
mta-127;eraisik
mta-126;eraisik
mta-125;eraisik
mta-124;eraisik
mta-123;eraisik
mta-122;eraisik
mta-121;eraisik
mta-120;eraisik
mta-119;eraisik
mta-118;eraisik
mta-117;eraisik
mta-116;eraisik
mta-115;eraisik
mta-114;eraisik
mta-113;eraisik
mta-112;eraisik
mta-111;eraisik
mta-110;eraisik
mta-109;eraisik
mta-108;eraisik
mta-107;eraisik
mta-106;eraisik
mta-105;eraisik
mta-104;eraisik
mta-103;eraisik
mta-102;eraisik
mta-101;eraisik
mta-100;eraisik
mta-099;eraisik
SISE-006;eraisik
SISE-005;eraisik
mta-098;eraisik
mta-097;eraisik
mta-096;eraisik
SISE-002;eraisik
mta-095;eraisik
SISE-001;eraisik
mta-094;eraisik
mta-093;eraisik
mta-092;eraisik
PPA-043;eraisik
PPA-042;eraisik
PPA-041;eraisik
PPA-040;eraisik
PPA-039;eraisik
KEM-022;eraisik
PPA-038;eraisik
PPA-037;eraisik
PPA-036;eraisik
PPA-035;eraisik
PPA-034;eraisik
PPA-033;eraisik
PPA-032;eraisik
mta-091;eraisik
PPA-031;eraisik
PPA-030;eraisik
PPA-029;eraisik
PPA-028;eraisik
PPA-027;eraisik
PPA-026;eraisik
PPA-025;eraisik
PPA-024;eraisik
PPA-023;eraisik
PPA-022;eraisik
PPA-021;eraisik
PPA-020;eraisik
PPA-019;eraisik
PPA-018;eraisik
PPA-017;eraisik
PPA-016;eraisik
PPA-015;eraisik
PPA-014;eraisik
PPA-013;eraisik
PPA-012;eraisik
PPA-011;eraisik
mta-090;eraisik
mta-089;eraisik
mta-088;eraisik
mta-087;eraisik
mta-086;eraisik
mta-085;eraisik
PPA-010;eraisik
PPA-009;eraisik
mta-084;eraisik
mta-083;eraisik
mta-082;eraisik
mta-081;eraisik
mta-080;eraisik
PPA-008;eraisik
mta-079;eraisik
mta-078;eraisik
mta-077;eraisik
PPA-007;eraisik
PPA-006;eraisik
PPA-005;eraisik
PPA-004;eraisik
PPA-003;eraisik
KKI-003;eraisik
PPA-002;eraisik
PPA-001;eraisik
KKI-002;eraisik
KKI-001;eraisik
mta-076;eraisik
mta-075;eraisik
mta-074;eraisik
mta-073;eraisik
mta-072;eraisik
mta-071;eraisik
mta-070;eraisik
KUM-006;eraisik
KUM-005;eraisik
mta-069;eraisik
mta-068;eraisik
TAI-001;eraisik
mta-067;eraisik
mta-066;eraisik
mta-065;eraisik
mta-064;eraisik
mta-063;eraisik
KEM-021;eraisik
KEM-020;eraisik
KEM-019;eraisik
KEM-018;eraisik
KEM-017;eraisik
MAA-034;eraisik
MAA-033;eraisik
MAA-032;eraisik
MAA-031;eraisik
MAA-030;eraisik
mta-062;eraisik
mta-061;eraisik
MAA-029;eraisik
mta-060;eraisik
MAA-028;eraisik
mta-059;eraisik
mta-058;eraisik
mta-057;eraisik
mta-056;eraisik
MIL-004;eraisik
mta-055;eraisik
MIL-003;eraisik
MAA-027;eraisik
MAA-026;eraisik
mta-054;eraisik
mta-053;eraisik
MAA-025;eraisik
mta-052;eraisik
mta-051;eraisik
mta-050;eraisik
MAA-024;eraisik
mta-049;eraisik
mta-048;eraisik
mta-047;eraisik
MAA-023;eraisik
mta-046;eraisik
mta-045;eraisik
mta-044;eraisik
mta-043;eraisik
mta-042;eraisik
mta-041;eraisik
mta-040;eraisik
mta-039;eraisik
mta-038;eraisik
RM-027;eraisik
RM-026;eraisik
RM-025;eraisik
RM-024;eraisik
RM-023;eraisik
RM-022;eraisik
RM-021;eraisik
RM-020;eraisik
RM-019;eraisik
RM-018;eraisik
RM-017;eraisik
RM-016;eraisik
RM-015;eraisik
RM-014;eraisik
RIK-003;eraisik
mta-037;eraisik
mta-036;eraisik
mta-035;eraisik
mta-034;eraisik
RIA-047;eraisik
mta-033;eraisik
mta-032;eraisik
mta-031;eraisik
RIA-046;eraisik
MAA-021;eraisik
MAA-020;eraisik
MAA-019;eraisik
KEM-016;eraisik
KEM-015;eraisik
KEM-014;eraisik
KEM-013;eraisik
MAA-018;eraisik
MAA-017;eraisik
RIK-002;eraisik
mta-030;eraisik
PMA-009;eraisik
mta-029;eraisik
mta-028;eraisik
mta-027;eraisik
mta-026;eraisik
mta-025;eraisik
mta-024;eraisik
mta-023;eraisik
mta-022;eraisik
mta-021;eraisik
mta-020;eraisik
mta-019;eraisik
mta-018;eraisik
mta-017;eraisik
EPA-020;eraisik
mta-016;eraisik
EPA-019;eraisik
mta-015;eraisik
mta-014;eraisik
mta-013;eraisik
mta-012;eraisik
RIA-045;eraisik
RIA-044;eraisik
RIA-043;eraisik
RIA-042;eraisik
RIA-041;eraisik
RIA-040;eraisik
RIA-039;eraisik
RIA-038;eraisik
EPA-018;eraisik
SIM-023;eraisik
SIM-022;eraisik
RIK-001;eraisik
SIM-021;eraisik
SIM-020;eraisik
SIM-019;eraisik
EPA-017;eraisik
SIM-018;eraisik
SIM-017;eraisik
ERR-014;eraisik
ERR-013;eraisik
ERR-012;eraisik
ERR-011;eraisik
ERR-010;eraisik
EPA-016;eraisik
SIM-016;eraisik
SIM-015;eraisik
SIM-014;eraisik
SIM-013;eraisik
SIM-012;eraisik
SIM-011;eraisik
SIM-010;eraisik
SIM-009;eraisik
ERR-009;eraisik
ERR-008;eraisik
ERR-007;eraisik
ERR-006;eraisik
ERR-005;eraisik
SIM-008;eraisik
SIM-007;eraisik
MAA-016;eraisik
SIM-006;eraisik
SIM-005;eraisik
SIM-004;eraisik
KEM-012;eraisik
KEM-011;eraisik
RM-013;eraisik
ERR-004;eraisik
ERR-003;eraisik
ERR-002;eraisik
TKA-008;eraisik
PMA-006;eraisik
UNES-001;eraisik
PMA-005;eraisik
RTK-006;eraisik
RTK-005;eraisik
RTK-004;eraisik
RTK-003;eraisik
RTK-002;eraisik
PMA-004;eraisik
JUM-041;eraisik
EPA-015;eraisik
JUM-040;eraisik
JUM-039;eraisik
JUM-038;eraisik
EPA-014;eraisik
NLIB-007;eraisik
NLIB-006;eraisik
NLIB-005;eraisik
NLIB-004;eraisik
NLIB-003;eraisik
NLIB-002;eraisik
NLIB-001;eraisik
PMA-001;eraisik
INNO-021;eraisik
ELK-003;eraisik
INNO-020;eraisik
INNO-019;eraisik
ELK-002;eraisik
INNO-018;eraisik
INNO-017;eraisik
INNO-016;eraisik
SIM-003;eraisik
INNO-015;eraisik
SIM-002;eraisik
INNO-014;eraisik
INNO-013;eraisik
INNO-012;eraisik
INNO-011;eraisik
INNO-010;eraisik
ELK-001;eraisik
MA-059;eraisik
MA-058;eraisik
KEM-010;eraisik
KEM-009;eraisik
INNO-009;eraisik
KEM-008;eraisik
KEM-007;eraisik
EDT-004;eraisik
EDT-003;eraisik
EDT-002;eraisik
EDT-001;eraisik
MUIN-009;eraisik
MUIN-008;eraisik
MA-057;eraisik
MUIN-007;eraisik
MUIN-006;eraisik
MUIN-005;eraisik
MUIN-004;eraisik
MUIN-003;eraisik
MUIN-002;eraisik
MUIN-001;eraisik
SIM-001;eraisik
TMM-001;eraisik
MAA-015;eraisik
MAA-014;eraisik
ETAG-011;eraisik
ETAG-010;eraisik
ETAG-009;eraisik
ETAG-008;eraisik
ETAG-007;eraisik
MAA-013;eraisik
MAA-012;eraisik
MAA-011;eraisik
MAA-010;eraisik
MAA-009;eraisik
CONC-001;eraisik
MAA-008;eraisik
MAA-007;eraisik
MAA-006;eraisik
MAA-005;eraisik
MAA-004;eraisik
MAA-003;eraisik
ETAG-006;eraisik
MAA-002;eraisik
MAA-001;eraisik
ETAG-005;eraisik
ETAG-004;eraisik
ETAG-003;eraisik
ETAG-002;eraisik
ETAG-001;eraisik
RKUL-008;eraisik
RKUL-007;eraisik
PMK-004;eraisik
PRIA-011;eraisik
PRIA-010;eraisik
PRIA-009;eraisik
PRIA-008;eraisik
VET-012;eraisik
VET-011;eraisik
VET-010;eraisik
KUTS-005;eraisik
KUTS-004;eraisik
KUTS-003;eraisik
KUTS-002;eraisik
KUTS-001;eraisik
JUM-007;eraisik
JUM-027;eraisik
VTA-049;eraisik
EPM-015;eraisik
RM-004;eraisik
ARCH-011;eraisik
TJA-076;eraisik
HTM-013;eraisik
AGRI-005;eraisik
TJA-011;eraisik
mta-003;eraisik
RKUL-005;eraisik
VET-007;eraisik
VTA-015;eraisik
KAM-001;eraisik
MKM-017;eraisik
KKA-020;eraisik
TJA-044;eraisik
TMV-015;eraisik
MKM-036;eraisik
KKA-031;eraisik
TJA-055;eraisik
KKA-006;eraisik
STAT-009;eraisik
MESA-001;eraisik
RIA-020;eraisik
AHHA-007;eraisik
STAT-003;eraisik
VET-003;eraisik
TJA-087;eraisik
SKA-021;eraisik
KA-011;eraisik
TJA-023;eraisik
TMV-002;eraisik
RA-010;eraisik
PRIA-002;eraisik
VTA-028;eraisik
KKA-014;eraisik
PRIA-006;eraisik
VTA-039;ettevõte
EPM-011;ettevõte
MIL-001;ettevõte
ARCH-001;ettevõte
TJA-066;ettevõte
INNO-002;ettevõte
SKA-004;ettevõte
KA-001;ettevõte
MFA-008;ettevõte
EAM-001;ettevõte
VET-005;ettevõte
MA-028;ettevõte
SKA-032;ettevõte
LA-015;ettevõte
RM-009;ettevõte
TJA-034;ettevõte
TMV-013;ettevõte
KKA-004;ettevõte
TMV-016;ettevõte
JUM-008;ettevõte
JUM-028;ettevõte
RIA-007;ettevõte
EPM-016;ettevõte
VTA-051;ettevõte
PMK-003;ettevõte
TJA-077;ettevõte
SKA-011;ettevõte
AGRI-006;ettevõte
TJA-012;ettevõte
mta-004;ettevõte
RKUL-006;ettevõte
RM-010;ettevõte
VTA-016;ettevõte
VTA-058;ettevõte
MKM-006;ettevõte
KKA-021;ettevõte
TJA-045;ettevõte
MKM-037;ettevõte
KKA-032;ettevõte
TJA-056;ettevõte
KKA-007;ettevõte
STAT-010;ettevõte
PIIM-005;ettevõte
RIA-021;ettevõte
AHHA-008;ettevõte
VTA-053;ettevõte
EKM-002;ettevõte
TKA-006;ettevõte
SKA-022;ettevõte
LA-002;ettevõte
TJA-024;ettevõte
TMV-003;ettevõte
RA-011;ettevõte
KEM-006;ettevõte
VTA-029;ettevõte
EPM-003;ettevõte
JUM-018;ettevõte
VTA-040;ettevõte
EPM-012;ettevõte
MIL-002;ettevõte
ARCH-003;ettevõte
TJA-067;ettevõte
INNO-003;ettevõte
SKA-005;ettevõte
KA-002;ettevõte
MFA-009;ettevõte
EAM-002;ettevõte
KEM-005;ettevõte
MA-033;ettevõte
SKA-033;ettevõte
LA-016;ettevõte
AKI-006;ettevõte
TJA-035;ettevõte
STAT-016;ettevõte
KKA-005;ettevõte
TJA-046;ettevõte
TMV-017;ettevõte
MA-041;ettevõte
JUM-029;ettevõte
RIA-008;ettevõte
AHHA-001;ettevõte
VTA-052;ettevõte
MA-052;ettevõte
TJA-078;ettevõte
SKA-012;ettevõte
AGRI-007;ettevõte
TJA-013;ettevõte
mta-005;ettevõte
RA-001;ettevõte
PIIM-003;ettevõte
VTA-018;ettevõte
VTA-059;ettevõte
MKM-007;ettevõte
KKA-022;ettevõte
MKM-038;ettevõte
MAAI-001;ettevõte
TJA-057;ettevõte
KKA-008;ettevõte
STAT-011;ettevõte
RIA-022;ettevõte
KEM-003;ettevõte
VTA-054;ettevõte
VET-004;ettevõte
MA-006;ettevõte
SKA-023;ettevõte
LA-003;ettevõte
TJA-025;ettevõte
TMV-004;ettevõte
RA-012;ettevõte
AKI-016;ettevõte
VTA-030;ettevõte
EPM-004;ettevõte
JUM-019;ettevõte
VTA-041;ettevõte
PMK-001;ettevõte
LA-023;ettevõte
ARCH-004;ettevõte
TJA-068;ettevõte
INNO-004;ettevõte
SKA-006;ettevõte
KA-003;ettevõte
MFA-010;ettevõte
EAM-003;ettevõte
VET-006;ettevõte
VTA-005;ettevõte
SKA-034;ettevõte
LA-017;ettevõte
AKI-007;ettevõte
TJA-036;ettevõte
STAT-017;ettevõte
JUM-001;ettevõte
KKA-023;ettevõte
TJA-047;ettevõte
TMV-018;ettevõte
ENTK-001;ettevõte
JUM-030;ettevõte
RIA-009;ettevõte
KUM-002;ettevõte
EMK-001;ettevõte
MA-053;ettevõte
TJA-079;ettevõte
SKA-013;ettevõte
MFA-001;ettevõte
TJA-014;ettevõte
mta-006;ettevõte
RA-002;ettevõte
VET-008;ettevõte
VTA-019;ettevõte
JUM-009;ettevõte
MKM-044;ettevõte
MKM-039;ettevõte
MAAI-002;ettevõte
TJA-058;ettevõte
KKA-009;ettevõte
KI-005;ettevõte
RIA-023;ettevõte
KUM-003;ettevõte
VTA-055;ettevõte
EKM-003;ettevõte
MA-007;ettevõte
SKA-024;ettevõte
LA-005;ettevõte
TJA-026;ettevõte
TMV-005;ettevõte
RA-013;ettevõte
JUM-014;ettevõte
VTA-031;ettevõte
KKA-015;ettevõte
JUM-020;ettevõte
VTA-042;ettevõte
MA-049;ettevõte
MKM-045;ettevõte
ARCH-005;ettevõte
TJA-069;ettevõte
INNO-006;ettevõte
SKA-007;ettevõte
KA-004;ettevõte
STAT-012;ettevõte
EAM-004;ettevõte
EPA-013;ettevõte
VTA-006;ettevõte
AKI-001;ettevõte
LA-018;ettevõte
AKI-008;ettevõte
TJA-037;ettevõte
STAT-018;ettevõte
JUM-002;ettevõte
KKA-024;ettevõte
TJA-048;ettevõte
TMV-019;ettevõte
ENTK-002;ettevõte
JUM-031;ettevõte
RIA-010;ettevõte
KEM-001;ettevõte
HTM-001;ettevõte
MA-054;ettevõte
TJA-080;ettevõte
SKA-014;ettevõte
MFA-002;ettevõte
TJA-015;ettevõte
mta-007;ettevõte
RA-003;ettevõte
KURG-004;ettevõte
VTA-020;ettevõte
JUM-010;ettevõte
MKM-011;ettevõte
MKM-040;ettevõte
MAAI-003;ettevõte
TJA-059;ettevõte
KKA-010;ettevõte
KI-006;ettevõte
RIA-024;ettevõte
KUM-004;ettevõte
ERR-001;ettevõte
EPA-008;ettevõte
MA-008;ettevõte
SKA-025;ettevõte
LA-008;ettevõte
TJA-027;ettevõte
TMV-006;ettevõte
RA-014;ettevõte
JUM-015;ettevõte
VTA-032;ettevõte
KKA-016;ettevõte
JUM-003;ettevõte
JUM-021;ettevõte
VTA-043;ettevõte
MA-050;ettevõte
MA-035;ettevõte
EPA-005;ettevõte
TJA-070;ettevõte
INNO-007;ettevõte
SKA-008;ettevõte
KA-005;ettevõte
STAT-013;ettevõte
EAM-005;ettevõte
MAAI-007;ettevõte
VTA-007;ettevõte
AKI-002;ettevõte
LA-019;ettevõte
AKI-009;ettevõte
TJA-038;ettevõte
STAT-019;ettevõte
KKA-025;ettevõte
TJA-049;ettevõte
TMV-020;ettevõte
KI-001;ettevõte
JUM-032;ettevõte
RIA-011;ettevõte
KEM-002;ettevõte
HTM-003;ettevõte
EPA-006;ettevõte
TJA-081;ettevõte
SKA-015;ettevõte
RTK-001;ettevõte
TJA-016;ettevõte
mta-008;ettevõte
RA-004;ettevõte
KURG-005;ettevõte
VTA-021;ettevõte
JUM-011;ettevõte
MKM-030;ettevõte
MKM-041;ettevõte
MAAI-004;ettevõte
TJA-060;ettevõte
KKA-011;ettevõte
HTM-007;ettevõte
RIA-025;ettevõte
SPOR-001;ettevõte
MA-037;ettevõte
EPA-009;ettevõte
MA-010;ettevõte
SKA-026;ettevõte
LA-009;ettevõte
TJA-028;ettevõte
TMV-007;ettevõte
RA-015;ettevõte
PRIA-003;ettevõte
VTA-033;ettevõte
MA-047;ettevõte
EKEI-001;ettevõte
JUM-022;ettevõte
VTA-044;ettevõte
MA-051;ettevõte
RM-001;ettevõte
ARCH-006;ettevõte
TJA-071;ettevõte
HTM-008;ettevõte
SKA-009;ettevõte
KA-006;ettevõte
STAT-014;ettevõte
EAM-007;ettevõte
PIIM-001;ettevõte
VTA-009;ettevõte
AKI-003;ettevõte
LA-020;ettevõte
AKI-010;ettevõte
TJA-039;ettevõte
STAT-020;ettevõte
KKA-026;ettevõte
TJA-050;ettevõte
TMV-021;ettevõte
KI-002;ettevõte
JUM-033;ettevõte
RIA-012;ettevõte
AHHA-002;ettevõte
MA-036;ettevõte
AKI-014;ettevõte
TJA-082;ettevõte
SKA-016;ettevõte
MA-043;ettevõte
TJA-017;ettevõte
mta-009;ettevõte
RA-005;ettevõte
KURG-006;ettevõte
VTA-023;ettevõte
JUM-012;ettevõte
MKM-031;ettevõte
VTA-050;ettevõte
MAAI-005;ettevõte
TJA-061;ettevõte
KKA-012;ettevõte
RM-005;ettevõte
RIA-026;ettevõte
SPOR-002;ettevõte
MA-039;ettevõte
EPA-010;ettevõte
MA-014;ettevõte
SKA-027;ettevõte
LA-010;ettevõte
TJA-029;ettevõte
TMV-008;ettevõte
RA-016;ettevõte
JUM-016;ettevõte
VTA-034;ettevõte
KKA-017;ettevõte
JUM-004;ettevõte
JUM-023;ettevõte
VTA-045;ettevõte
EPM-013;ettevõte
RM-003;ettevõte
ARCH-007;ettevõte
TJA-072;ettevõte
HTM-009;ettevõte
AGRI-001;ettevõte
KA-007;ettevõte
STAT-015;ettevõte
EAM-008;ettevõte
PIIM-002;ettevõte
VTA-010;ettevõte
AKI-004;ettevõte
LA-022;ettevõte
AKI-011;ettevõte
TJA-040;ettevõte
STAT-021;ettevõte
KKA-027;ettevõte
TJA-051;ettevõte
TMV-022;ettevõte
KI-004;ettevõte
JUM-034;ettevõte
RIA-013;ettevõte
AHHA-003;ettevõte
LA-024;ettevõte
EPA-007;ettevõte
TJA-083;ettevõte
SKA-017;ettevõte
MFA-003;ettevõte
TJA-018;ettevõte
mta-010;ettevõte
RA-006;ettevõte
RM-011;ettevõte
VTA-024;ettevõte
VTA-060;ettevõte
MKM-032;ettevõte
RIA-032;ettevõte
MAAI-006;ettevõte
TJA-062;ettevõte
KKA-033;ettevõte
RM-006;ettevõte
RIA-028;ettevõte
SPOR-003;ettevõte
RKUL-001;ettevõte
EPA-011;ettevõte
MA-018;ettevõte
SKA-028;ettevõte
LA-011;ettevõte
TJA-030;ettevõte
TMV-009;ettevõte
RA-017;ettevõte
PRIA-004;ettevõte
VTA-035;ettevõte
MA-048;ettevõte
JUM-005;ettevõte
JUM-024;ettevõte
VTA-046;ettevõte
EPM-014;ettevõte
RES-201;ettevõte
ARCH-008;ettevõte
TJA-073;ettevõte
HTM-010;ettevõte
AGRI-002;ettevõte
KA-008;ettevõte
VTA-056;ettevõte
EAM-009;ettevõte
KURG-001;ettevõte
VTA-012;ettevõte
KL-001;ettevõte
MKM-001;ettevõte
AKI-012;ettevõte
TJA-041;ettevõte
STAT-022;ettevõte
MKM-033;ettevõte
KKA-028;ettevõte
TJA-052;ettevõte
TMV-023;ettevõte
STAT-006;ettevõte
JUM-035;ettevõte
RIA-014;ettevõte
AHHA-004;ettevõte
LA-025;ettevõte
AKI-015;ettevõte
TJA-084;ettevõte
SKA-018;ettevõte
MFA-004;ettevõte
TJA-019;ettevõte
mta-011;ettevõte
RA-007;ettevõte
KURG-007;ettevõte
VTA-025;ettevõte
EPM-001;ettevõte
RIA-033;ettevõte
EPA-003;ettevõte
TJA-063;ettevõte
MA-044;ettevõte
SKA-001;ettevõte
RIA-029;ettevõte
PMK-002;ettevõte
RKUL-002;ettevõte
EPA-012;ettevõte
MA-019;ettevõte
SKA-029;ettevõte
LA-012;ettevõte
TJA-031;ettevõte
TMV-010;ettevõte
KKA-001;ettevõte
VET-009;ettevõte
VTA-036;ettevõte
KKA-018;ettevõte
MA-040;ettevõte
JUM-025;ettevõte
VTA-047;ettevõte
RES-101;ettevõte
STAT-001;ettevõte
ARCH-009;ettevõte
TJA-074;ettevõte
HTM-011;ettevõte
AGRI-003;ettevõte
KA-009;ettevõte
TJA-008;ettevõte
mta-001;ettevõte
STAT-004;ettevõte
KURG-002;ettevõte
VTA-013;ettevõte
KL-002;ettevõte
MKM-049;ettevõte
AKI-013;ettevõte
TJA-042;ettevõte
STAT-023;ettevõte
MKM-034;ettevõte
KKA-029;ettevõte
TJA-053;ettevõte
TMV-024;ettevõte
STAT-007;ettevõte
RIA-036;ettevõte
RIA-015;ettevõte
AHHA-005;ettevõte
LA-026;ettevõte
VET-001;ettevõte
TJA-085;ettevõte
SKA-019;ettevõte
MFA-005;ettevõte
TJA-021;ettevõte
EPA-002;ettevõte
RA-008;ettevõte
KURG-008;ettevõte
VTA-026;ettevõte
MA-046;ettevõte
EPM-007;ettevõte
RIA-034;ettevõte
EKM-001;ettevõte
TJA-064;ettevõte
MA-045;ettevõte
SKA-002;ettevõte
RIA-030;ettevõte
RM-007;ettevõte
MFA-007;ettevõte
RKUL-003;ettevõte
ETKI-001;ettevõte
MA-038;ettevõte
SKA-030;ettevõte
LA-013;ettevõte
RM-008;ettevõte
TJA-032;ettevõte
TMV-011;ettevõte
KKA-002;ettevõte
PIIM-004;ettevõte
VTA-037;ettevõte
JUM-006;ettevõte
JUM-026;ettevõte
VTA-048;ettevõte
RES-601;ettevõte
STAT-002;ettevõte
ARCH-010;ettevõte
TJA-075;ettevõte
INNO-008;ettevõte
AGRI-004;ettevõte
TJA-010;ettevõte
mta-002;ettevõte
STAT-005;ettevõte
KURG-003;ettevõte
VTA-014;ettevõte
KL-003;ettevõte
MKM-046;ettevõte
KKA-019;ettevõte
TJA-043;ettevõte
TMV-014;ettevõte
MKM-035;ettevõte
KKA-030;ettevõte
TJA-054;ettevõte
KUM-001;ettevõte
STAT-008;ettevõte
ETKI-002;ettevõte
RIA-019;ettevõte
AHHA-006;ettevõte
LA-027;ettevõte
VET-002;ettevõte
TJA-086;ettevõte
SKA-020;ettevõte
MFA-006;ettevõte
KA-010;ettevõte
TJA-022;ettevõte
TMV-001;ettevõte
RA-009;ettevõte
KURG-009;ettevõte
VTA-027;ettevõte
EPM-002;ettevõte
VTA-038;ettevõte
EPM-008;ettevõte
RIA-035;ettevõte
EPA-004;ettevõte
TJA-065;ettevõte
INNO-001;ettevõte
SKA-003;ettevõte
RIA-031;ettevõte
SKA-010;ettevõte
RKUL-004;ettevõte
KEM-004;ettevõte
MA-025;ettevõte
SKA-031;ettevõte
LA-014;ettevõte
AKI-005;ettevõte
TJA-033;ettevõte
TMV-012;ettevõte
KKA-003;ettevõte
PRIA-005;ettevõte
RTK-005;ametnik
RTK-004;ametnik
RTK-003;ametnik
RTK-002;ametnik
PMA-004;ametnik
JUM-041;ametnik
EPA-015;ametnik
JUM-040;ametnik
JUM-039;ametnik
JUM-038;ametnik
EPA-014;ametnik
NLIB-007;ametnik
NLIB-006;ametnik
NLIB-005;ametnik
NLIB-004;ametnik
NLIB-003;ametnik
NLIB-002;ametnik
NLIB-001;ametnik
PMA-001;ametnik
INNO-021;ametnik
ELK-003;ametnik
INNO-020;ametnik
INNO-019;ametnik
ELK-002;ametnik
INNO-018;ametnik
INNO-017;ametnik
INNO-016;ametnik
SIM-003;ametnik
INNO-015;ametnik
SIM-002;ametnik
INNO-014;ametnik
INNO-013;ametnik
INNO-012;ametnik
INNO-011;ametnik
INNO-010;ametnik
ELK-001;ametnik
MA-059;ametnik
MA-058;ametnik
KEM-010;ametnik
KEM-009;ametnik
INNO-009;ametnik
KEM-008;ametnik
KEM-007;ametnik
EDT-004;ametnik
EDT-003;ametnik
EDT-002;ametnik
EDT-001;ametnik
MUIN-009;ametnik
MUIN-008;ametnik
MA-057;ametnik
MUIN-007;ametnik
MUIN-006;ametnik
MUIN-005;ametnik
MUIN-004;ametnik
MUIN-003;ametnik
MUIN-002;ametnik
MUIN-001;ametnik
SIM-001;ametnik
TMM-001;ametnik
MAA-015;ametnik
MAA-014;ametnik
ETAG-011;ametnik
ETAG-010;ametnik
ETAG-009;ametnik
ETAG-008;ametnik
ETAG-007;ametnik
MAA-013;ametnik
MAA-012;ametnik
MAA-011;ametnik
MAA-010;ametnik
MAA-009;ametnik
CONC-001;ametnik
MAA-008;ametnik
MAA-007;ametnik
MAA-006;ametnik
MAA-005;ametnik
MAA-004;ametnik
MAA-003;ametnik
ETAG-006;ametnik
MAA-002;ametnik
MAA-001;ametnik
ETAG-005;ametnik
ETAG-004;ametnik
ETAG-003;ametnik
ETAG-002;ametnik
ETAG-001;ametnik
RKUL-008;ametnik
RKUL-007;ametnik
PMK-004;ametnik
PRIA-011;ametnik
PRIA-010;ametnik
PRIA-009;ametnik
PRIA-008;ametnik
VET-012;ametnik
VET-011;ametnik
VET-010;ametnik
KUTS-005;ametnik
KUTS-004;ametnik
KUTS-003;ametnik
KUTS-002;ametnik
KUTS-001;ametnik
JUM-007;ametnik
JUM-027;ametnik
VTA-049;ametnik
EPM-015;ametnik
RM-004;ametnik
ARCH-011;ametnik
TJA-076;ametnik
HTM-013;ametnik
AGRI-005;ametnik
TJA-011;ametnik
mta-003;ametnik
RKUL-005;ametnik
VET-007;ametnik
VTA-015;ametnik
KAM-001;ametnik
MKM-017;ametnik
KKA-020;ametnik
TJA-044;ametnik
TMV-015;ametnik
MKM-036;ametnik
KKA-031;ametnik
TJA-055;ametnik
KKA-006;ametnik
STAT-009;ametnik
MESA-001;ametnik
RIA-020;ametnik
AHHA-007;ametnik
STAT-003;ametnik
VET-003;ametnik
TJA-087;ametnik
SKA-021;ametnik
KA-011;ametnik
TJA-023;ametnik
TMV-002;ametnik
RA-010;ametnik
PRIA-002;ametnik
VTA-028;ametnik
KKA-014;ametnik
PRIA-006;ametnik
VTA-039;ametnik
EPM-011;ametnik
MIL-001;ametnik
ARCH-001;ametnik
TJA-066;ametnik
INNO-002;ametnik
SKA-004;ametnik
KA-001;ametnik
MFA-008;ametnik
EAM-001;ametnik
VET-005;ametnik
MA-028;ametnik
SKA-032;ametnik
LA-015;ametnik
RM-009;ametnik
TJA-034;ametnik
TMV-013;ametnik
KKA-004;ametnik
TMV-016;ametnik
JUM-008;ametnik
JUM-028;ametnik
RIA-007;ametnik
EPM-016;ametnik
VTA-051;ametnik
PMK-003;ametnik
TJA-077;ametnik
SKA-011;ametnik
AGRI-006;ametnik
TJA-012;ametnik
mta-004;ametnik
RKUL-006;ametnik
RM-010;ametnik
VTA-016;ametnik
VTA-058;ametnik
MKM-006;ametnik
KKA-021;ametnik
TJA-045;ametnik
MKM-037;ametnik
KKA-032;ametnik
TJA-056;ametnik
KKA-007;ametnik
STAT-010;ametnik
PIIM-005;ametnik
RIA-021;ametnik
AHHA-008;ametnik
VTA-053;ametnik
EKM-002;ametnik
TKA-006;ametnik
SKA-022;ametnik
LA-002;ametnik
TJA-024;ametnik
TMV-003;ametnik
RA-011;ametnik
KEM-006;ametnik
VTA-029;ametnik
EPM-003;ametnik
JUM-018;ametnik
VTA-040;ametnik
EPM-012;ametnik
MIL-002;ametnik
ARCH-003;ametnik
TJA-067;ametnik
INNO-003;ametnik
SKA-005;ametnik
KA-002;ametnik
MFA-009;ametnik
EAM-002;ametnik
KEM-005;ametnik
MA-033;ametnik
SKA-033;ametnik
LA-016;ametnik
AKI-006;ametnik
TJA-035;ametnik
STAT-016;ametnik
KKA-005;ametnik
TJA-046;ametnik
TMV-017;ametnik
MA-041;ametnik
JUM-029;ametnik
RIA-008;ametnik
AHHA-001;ametnik
VTA-052;ametnik
MA-052;ametnik
TJA-078;ametnik
SKA-012;ametnik
AGRI-007;ametnik
TJA-013;ametnik
mta-005;ametnik
RA-001;ametnik
PIIM-003;ametnik
VTA-018;ametnik
VTA-059;ametnik
MKM-007;ametnik
KKA-022;ametnik
MKM-038;ametnik
MAAI-001;ametnik
TJA-057;ametnik
KKA-008;ametnik
STAT-011;ametnik
RIA-022;ametnik
KEM-003;ametnik
VTA-054;ametnik
VET-004;ametnik
MA-006;ametnik
SKA-023;ametnik
LA-003;ametnik
TJA-025;ametnik
TMV-004;ametnik
RA-012;ametnik
AKI-016;ametnik
VTA-030;ametnik
EPM-004;ametnik
JUM-019;ametnik
VTA-041;ametnik
PMK-001;ametnik
LA-023;ametnik
ARCH-004;ametnik
TJA-068;ametnik
INNO-004;ametnik
SKA-006;ametnik
KA-003;ametnik
MFA-010;ametnik
EAM-003;ametnik
VET-006;ametnik
VTA-005;ametnik
SKA-034;ametnik
LA-017;ametnik
AKI-007;ametnik
TJA-036;ametnik
STAT-017;ametnik
JUM-001;ametnik
KKA-023;ametnik
TJA-047;ametnik
TMV-018;ametnik
ENTK-001;ametnik
JUM-030;ametnik
RIA-009;ametnik
KUM-002;ametnik
EMK-001;ametnik
MA-053;ametnik
TJA-079;ametnik
SKA-013;ametnik
MFA-001;ametnik
TJA-014;ametnik
mta-006;ametnik
RA-002;ametnik
VET-008;ametnik
VTA-019;ametnik
JUM-009;ametnik
MKM-044;ametnik
MKM-039;ametnik
MAAI-002;ametnik
TJA-058;ametnik
KKA-009;ametnik
KI-005;ametnik
RIA-023;ametnik
KUM-003;ametnik
VTA-055;ametnik
EKM-003;ametnik
MA-007;ametnik
SKA-024;ametnik
LA-005;ametnik
TJA-026;ametnik
TMV-005;ametnik
RA-013;ametnik
JUM-014;ametnik
VET-022;ametnik
VET-020;ametnik
VET-018;ametnik
VET-017;ametnik
VET-016;ametnik
AKI-017;ametnik
VET-015;ametnik
PRIA-162;ametnik
PRIA-161;ametnik
VET-014;ametnik
RAVI-046;ametnik
RAVI-045;ametnik
RAVI-044;ametnik
RAVI-043;ametnik
RAVI-041;ametnik
RAVI-040;ametnik
RAVI-039;ametnik
RAVI-038;ametnik
RAVI-037;ametnik
RAVI-036;ametnik
RAVI-035;ametnik
RAVI-034;ametnik
RAVI-029;ettevõte
RAVI-028;ettevõte
RAVI-027;ettevõte
RAVI-026;ettevõte
RAVI-025;ettevõte
RAVI-024;ettevõte
RAVI-023;ettevõte
RAVI-022;ettevõte
RAVI-021;ettevõte
VET-013;ettevõte
TA-002;ettevõte
TA-001;ettevõte
AKK-009;ettevõte
AKK-008;ettevõte
AKK-007;ettevõte
AKK-006;ettevõte
AKK-005;ettevõte
AKK-004;ettevõte
TERV-010;ettevõte
AKK-003;ettevõte
TERV-009;ettevõte
AKK-002;ettevõte
TERV-008;ettevõte
TERV-007;ettevõte
TERV-006;ettevõte
TERV-004;ettevõte
AKK-001;ettevõte
TERV-003;ettevõte
JUM-057;ettevõte
RES-203;ettevõte
