https://www.riigiteataja.ee/akt/116062016014?leiaKehtiv;seadus
http://eur-lex.europa.eu/LexUriServ/LexUriServ.do?uri=OJ:L:2009:300:0001:0033:ET:PDF;ELi õigusakt
http://eur-lex.europa.eu/legal-content/ET/TXT/PDF/?uri=CELEX:32005R0001&qid=1470637768136&from=en;ELi õigusakt
https://www.riigiteataja.ee/akt/106012016007?leiaKehtiv;seadus
https://www.riigiteataja.ee/akt/115012016012?leiaKehtiv;seadus
https://www.riigiteataja.ee/akt/101092015031;seadus
http://www.vet.agri.ee/?op=body&id=714;muu
http://www.vet.agri.ee/?op=body&id=710;muu
https://www.riigiteataja.ee/akt/104052016004;seadus
https://www.riigiteataja.ee/akt/12980151;seadus
https://www.riigiteataja.ee/akt/115032014088;seadus
https://www.riigiteataja.ee/akt/NPALS;seadus
https://www.riigiteataja.ee/akt/12947070;seadus
https://www.riigiteataja.ee/akt/112072014068;seadus
https://www.riigiteataja.ee/akt/131122015019?leiaKehtiv;seadus
https://www.riigiteataja.ee/akt/121122011007;seadus
https://www.riigiteataja.ee/akt/106012016014?leiaKehtiv;seadus
http://www.struktuurifondid.ee/public/TAT_hoolekandeteenused_1.pdf;muu
https://www.riigiteataja.ee/akt/110092014005;seadus
https://www.riigiteataja.ee/akt/110062015010;seadus
https://www.riigiteataja.ee/akt/108032016011;seadus
https://www.riigiteataja.ee/akt/126042016002;seadus
https://www.riigiteataja.ee/akt/114042015011;seadus
http://www.struktuurifondid.ee/public/TVR_3.1.1_SoM.pdf;muu
http://www.struktuurifondid.ee/public/TAT_hoolekandeteenused_1.pd;muu
https://www.riigiteataja.ee/akt/106042016017;seadus
https://www.riigiteataja.ee/akt/101062012006;seadus
https://www.riigiteataja.ee/akt/130122015089#para2b2lg1b3;seadus
https://www.riigiteataja.ee/akt/130122015049;seadus
https://www.riigiteataja.ee/akt/103122014025;seadus
https://www.riigiteataja.ee/akt/125112014004;seadus
https://www.riigiteataja.ee/akt/129082014008;seadus
https://www.riigiteataja.ee/akt/130122015005;seadus
https://www.riigiteataja.ee/akt/104052016006;seadus
https://www.riigiteataja.ee/akt/122122015054;seadus
https://www.riigiteataja.ee/akt/872715;seadus
https://www.riigiteataja.ee/akt/130122015011;seadus
https://www.riigiteataja.ee/akt/116042014024;seadus
https://www.riigiteataja.ee/akt/12784865;seadus
https://www.riigiteataja.ee/akt/13123299;seadus
https://www.riigiteataja.ee/akt/13256365;seadus
https://www.riigiteataja.ee/akt/129062014105;seadus
https://www.riigiteataja.ee/akt/121042011020;seadus
https://www.riigiteataja.ee/akt/129062014006;seadus
https://www.riigiteataja.ee/akt/130122014001;seadus
https://www.riigiteataja.ee/akt/106032015032;seadus
https://www.riigiteataja.ee/akt/115032014042;seadus
https://www.riigiteataja.ee/akt/12796863;seadus
https://www.riigiteataja.ee/akt/264458;seadus
https://www.riigiteataja.ee/akt/71916;seadus
https://www.riigiteataja.ee/akt/1045533;seadus
https://www.riigiteataja.ee/akt/112032015098;seadus
https://www.riigiteataja.ee/akt/123122013055;seadus
https://www.riigiteataja.ee/akt/109122010006;seadus
https://www.riigiteataja.ee/akt/123032015030;seadus
https://www.riigiteataja.ee/akt/13261875;seadus
https://www.riigiteataja.ee/akt/121122010014;seadus
https://www.riigiteataja.ee/akt/106012016010;seadus
https://www.riigiteataja.ee/akt/131122015033;seadus
https://www.riigiteataja.ee/akt/131122015037;seadus
https://www.riigiteataja.ee/akt/107022014009;seadus
https://www.riigiteataja.ee/akt/128122010020;seadus
https://www.riigiteataja.ee/akt/123032011007;seadus
https://www.riigiteataja.ee/akt/691573;seadus
https://www.riigiteataja.ee/akt/13352746;seadus
https://www.riigiteataja.ee/akt/1045533?leiaKehtiv;seadus
https://www.riigiteataja.ee/akt/12840549?leiaKehtiv;seadus
https://www.riigiteataja.ee/akt/13157586;seadus
https://www.riigiteataja.ee/akt/123022012011;seadus
https://www.riigiteataja.ee/akt/71916?;seadus
https://www.riigiteataja.ee/akt/992337;seadus
https://www.riigiteataja.ee/akt/76167;seadus
https://www.riigiteataja.ee/akt/12851852;seadus
https://www.riigiteataja.ee/akt/686696;seadus
https://www.riigiteataja.ee/akt/129122011058;seadus
https://www.riigiteataja.ee/akt/13290164;seadus
https://www.riigiteataja.ee/akt/130062015057;seadus
https://www.riigiteataja.ee/akt/128122010020?leiaKehtiv;seadus
https://www.riigiteataja.ee/akt/13261659;seadus
https://www.riigiteataja.ee/akt/129082015026;seadus
https://www.riigiteataja.ee/akt/13321887;seadus
https://www.riigiteataja.ee/akt/13330603?leiaKehtiv;seadus
https://www.riigiteataja.ee/akt/122112013002?leiaKehtiv;seadus
https://www.riigiteataja.ee/akt/123122013055?leiaKehtiv;seadus
https://www.riigiteataja.ee/akt/112072014028;seadus
https://www.riigiteataja.ee/akt/112072014051;seadus
https://www.riigiteataja.ee/akt/13333401;seadus
https://www.riigiteataja.ee/akt/13242136;seadus
https://www.riigiteataja.ee/akt/13353124?leiaKehtiv;seadus
https://www.riigiteataja.ee/akt/111122013004?leiaKehtiv;seadus
https://www.riigiteataja.ee/akt/13353787?leiaKehtiv;seadus
https://www.riigiteataja.ee/akt/12760805?leiaKehtiv;seadus
https://www.riigiteataja.ee/akt/119032015051;seadus
https://www.riigiteataja.ee/akt/13126997;seadus
https://www.riigiteataja.ee/akt/12855667;seadus
https://www.riigiteataja.ee/akt/117122013011;seadus
https://www.riigiteataja.ee/akt/128032014031;seadus
https://www.riigiteataja.ee/akt/105032015001?leiaKehtiv;seadus
https://www.riigiteataja.ee/akt/104072011008;seadus
https://www.riigiteataja.ee/akt/114012014003?leiaKehtiv;seadus
https://www.riigiteataja.ee/akt/109012014012?leiaKehtiv;seadus
https://www.riigiteataja.ee/akt/13352746?leiaKehtiv;seadus
https://www.riigiteataja.ee/akt/109012014014?leiaKehtiv;seadus
https://www.riigiteataja.ee/akt/13157586?leiaKehtiv;seadus
https://www.riigiteataja.ee/akt/114012014003;seadus
https://www.riigiteataja.ee/akt/13353124;seadus
https://www.riigiteataja.ee/akt/13353787;seadus
https://www.riigiteataja.ee/akt/109012014012;seadus
https://www.riigiteataja.ee/akt/127062012012;seadus
https://www.riigiteataja.ee/akt/123122013063?leiaKehtiv;seadus
https://www.riigiteataja.ee/akt/122112013002;seadus
https://www.riigiteataja.ee/akt/127122013026;seadus
https://www.riigiteataja.ee/akt/115032014008;seadus
https://www.riigiteataja.ee/akt/129062014071;seadus
https://www.riigiteataja.ee/akt/12804040;seadus
https://www.riigiteataja.ee/akt/13240237;seadus
https://www.riigiteataja.ee/akt/MaaRS;seadus
https://www.riigiteataja.ee/akt/847187;seadus
https://www.riigiteataja.ee/akt/13199296?leiaKehtiv;seadus
https://www.riigiteataja.ee/akt/KAOKS;seadus
http://viljandi.maavalitsus.ee/alaealiste-komisjoni-toimingud;muu
https://www.riigiteataja.ee/akt/Ms%C3%BCS;seadus
https://www.riigiteataja.ee/akt/130122015060;seadus
https://www.riigiteataja.ee/akt/130122015043?leiaKehtiv;seadus
https://www.riigiteataja.ee/akt/127122011006;seadus
https://www.riigiteataja.ee/akt/106012016007;seadus
https://www.riigiteataja.ee/akt/123022011008;seadus
https://www.riigiteataja.ee/akt/116012015004;seadus
https://www.riigiteataja.ee/akt/101042014003;seadus
https://www.riigiteataja.ee/akt/110112015013;seadus
https://www.riigiteataja.ee/akt/126032015015;seadus
https://www.riigiteataja.ee/akt/112072014044;seadus
https://www.riigiteataja.ee/akt/13181373;seadus
https://www.riigiteataja.ee/akt/107052013017;seadus
https://www.riigiteataja.ee/akt/12872816;seadus
https://www.riigiteataja.ee/akt/129082015051;seadus
https://www.riigiteataja.ee/akt/115032014016;seadus
https://www.riigiteataja.ee/akt/130062015059;seadus
https://www.riigiteataja.ee/akt/106012011026;seadus
https://www.riigiteataja.ee/akt/112062013006;seadus
http://pmk.agri.ee/files/f220/VSO_pohimaarus.pdf;muu
http://pmk.agri.ee/files/f413/Lisa%207.pdf;muu
https://www.riigiteataja.ee/akt/131122015001?leiaKehtiv;seadus
www.epr.ee/sisu/index.php?id=37;muu
https://www.riigiteataja.ee/akt/638028;seadus
https://www.riigiteataja.ee/akt/115032014005;seadus
https://www.riigiteataja.ee/akt/130122015030;seadus
https://www.riigiteataja.ee/akt/105032015001;seadus
https://www.riigiteataja.ee/akt/13027523;seadus
https://www.riigiteataja.ee/akt/118032015017?leiaKehtiv;seadus
https://www.riigiteataja.ee/akt/129052013043?leiaKehtiv;seadus
https://www.riigiteataja.ee/akt/129122015058?leiaKehtiv;seadus
https://www.riigiteataja.ee/akt/131102013003;seadus
http://evm.ee/est/meist/pohikiri;muu
https://www.riigiteataja.ee/akt/104062014005;seadus
http://www.keskkonnaagentuur.ee/et/pohimaarus;muu
https://www.riigiteataja.ee/akt/122032011010;seadus
http://www.erso.ee;muu
https://digiteek.ajaloomuuseum.ee/avaleht/kasutustingimused;muu
https://www.riigiteataja.ee/akt/110072013050;seadus
https://www.riigiteataja.ee/akt/129122011042;seadus
https://www.riigiteataja.ee/akt/123032015283;seadus
http://www.pma.agri.ee/index.php?id=104&sub=132&sub2=273&sub3=546;muu
http://www.pma.agri.ee/index.php?id=104&sub=130&sub2=186&sub3=373;muu
http://pmk.agri.ee/files/f490/JSL.pdf;muu
https://www.riigiteataja.ee/akt/13362228?leiaKehtiv;seadus
https://www.riigiteataja.ee/akt/119012011022?leiaKe;seadus
https://www.riigiteataja.ee/akt/101092015029;seadus
http://pmk.agri.ee/files/f413/Lisa%202.pdf;muu
http://eur-lex.europa.eu/legal-content/ET/TXT/PDF/?uri=CELEX:31991L0271&from=ET;ELi õigusakt
https://www.riigiteataja.ee/akt/78466;seadus
https://www.riigiteataja.ee/akt/122032011010?leiaKehtiv;seadus
http://www.mes.ee/laen-maki-rahastamisvahendist;muu
https://www.riigiteataja.ee/akt/129042014008;seadus
https://www.riigiteataja.ee/akt/112072014085;seadus
https://www.riigiteataja.ee/akt/120112014013;seadus
https://www.riigiteataja.ee/akt/112032015010?leiaKehtiv;seadus
http://www.pma.agri.ee/index.php?id=104&sub=490&sub2=491&sub3=492;muu
https://www.riigiteataja.ee/akt/110072013056;seadus
http://www.pma.agri.ee/index.php?id=104&sub=127&sub2=182;muu
https://www.riigiteataja.ee/akt/128122011046;seadus
https://www.entk.ee/sites/default/files/arengukava%202014_2020.pdf;muu
https://www.entk.ee/sites/default/files/ENTK%20pohimaarus.pdf;muu
https://www.riigiteataja.ee/akt/130122015033;seadus
https://www.riigiteataja.ee/akt/123032015256;seadus
https://www.riigiteataja.ee/akt/112072014146;seadus
https://www.riigiteataja.ee/akt/106122014001;seadus
https://www.riigiteataja.ee/akt/123032015261;seadus
https://www.riigiteataja.ee/akt/130122015033?leiaKehtiv;seadus
https://www.riigiteataja.ee/akt/112012016001;seadus
https://www.riigiteataja.ee/akt/123032015122;seadus
https://www.riigiteataja.ee/akt/108072014018;seadus
https://www.riigiteataja.ee/akt/839591;seadus
https://www.riigiteataja.ee/akt/102072015001;seadus
https://www.riigiteataja.ee/akt/130122015011?leiaKehtiv;seadus
https://www.riigiteataja.ee/akt/131122010063?leiaKehtiv;seadus
https://www.riigiteataja.ee/akt/13343422?leiaKehtiv;seadus
https://www.riigiteataja.ee/akt/112012016002;seadus
https://www.riigiteataja.ee/akt/110112015009?leiaKehtiv;seadus
https://www.riigiteataja.ee/akt/13223570;seadus
http://www.pma.agri.ee/index.php?id=104&sub=331&sub2=333;muu
https://www.riigiteataja.ee/akt/112032015010;seadus
https://www.riigiteataja.ee/akt/123032015210?leiaKehtiv;seadus
https://www.riigiteataja.ee/akt/119032015051?leiaKehtiv;seadus
https://www.riigiteataja.ee/akt/123072014004;seadus
https://www.cbd.int/convention/articles/default.shtml?a=cbd-17?;muu
https://www.riigiteataja.ee/akt/105062015019;seadus
https://www.riigiteataja.ee/akt/121012015001?leiaKehtiv;seadus
https://www.riigiteataja.ee/akt/104082015016;seadus
https://www.riigiteataja.ee/akt/128042015005;seadus
http://eur-lex.europa.eu/legal-content/et/TXT/PDF/?uri=CELEX:32013R1370;ELi õigusakt
http://eur-lex.europa.eu/legal-content/et/TXT/?uri=CELEX%3A32013R1308;ELi õigusakt
http://eur-lex.europa.eu/legal-content/ET/TXT/?qid=1455885980846&uri=CELEX:02008R0376-20150921;ELi õigusakt
https://www.riigiteataja.ee/akt/102102015012?leiaKehtiv;seadus
https://www.riigiteataja.ee/akt/129072015013;seadus
https://www.riigiteataja.ee/akt/129072015014;seadus
http://eur-lex.europa.eu/legal-content/ET/TXT/?uri=CELEX:32015R1829;ELi õigusakt
https://www.riigiteataja.ee/akt/129012015003;seadus
https://www.riigiteataja.ee/akt/112072014110?leiaKehtiv;seadus
https://www.riigiteataja.ee/akt/905398;seadus
https://www.riigiteataja.ee/akt/130122015040;seadus
https://www.riigiteataja.ee/akt/101122015004;seadus
https://www.riigiteataja.ee/akt/126022015001;seadus
https://www.riigiteataja.ee/akt/112032015027;seadus
https://www.riigiteataja.ee/akt/12806791;seadus
http://www.pma.agri.ee/index.php?id=104&sub=133&sub2=268&sub3=269;muu
"http://loodus.keskkonnainfo.ee/lva/default.aspx?id=1737993222&state=4;1330756972;est;lvadb;;";muu
https://www.riigiteataja.ee/akt/KeRS;seadus
https://www.riigiteataja.ee/akt/130062015041;seadus
https://www.riigiteataja.ee/akt/122122011002;seadus
https://www.riigiteataja.ee/akt/129122011145;seadus
https://www.riigiteataja.ee/akt/128122011054;seadus
https://www.riigiteataja.ee/akt/129122011048;seadus
https://www.riigiteataja.ee/akt/112032015060#para8lg1p11;seadus
https://www.riigiteataja.ee/akt/105092014003;seadus
https://www.riigiteataja.ee/akt/123032015260;seadus
https://www.riigiteataja.ee/akt/131122010019;seadus
https://www.riigiteataja.ee/akt/117122015014;seadus
http://eur-lex.europa.eu/LexUriServ/LexUriServ.do?uri=OJ:L:2009:243:0001:0058:ET:PDF;ELi õigusakt
https://www.riigiteataja.ee/akt/121052014024;seadus
http://eur-lex.europa.eu/legal-content/ET/TXT/PDF/?uri=CELEX:32015R2420&qid=1452865184357&from=EN;ELi õigusakt
https://www.riigiteataja.ee/akt/129012015001;seadus
https://www.riigiteataja.ee/akt/109102014016;seadus
https://www.riigiteataja.ee/akt/103122013011?leiaKehtiv;seadus
https://www.riigiteataja.ee/akt/127112015003;seadus
https://www.riigiteataja.ee/akt/114102015003;seadus
https://www.riigiteataja.ee/akt/114102015004;seadus
https://www.riigiteataja.ee/akt/129082015010?leiaKehtiv;seadus
https://www.riigiteataja.ee/akt/113052015001;seadus
https://www.riigiteataja.ee/akt/111092015004;seadus
https://www.riigiteataja.ee/akt/128082015006;seadus
https://www.riigiteataja.ee/akt/131072015006;seadus
https://www.riigiteataja.ee/akt/129082015033;seadus
www.pria.ee;muu
https://www.riigiteataja.ee/akt/130042015001?leiaKehtiv;seadus
https://www.riigiteataja.ee/akt/129082015013?leiaKehtiv;seadus
https://www.riigiteataja.ee/akt/119062015017?leiaKehtiv;seadus
https://www.riigiteataja.ee/akt/122042015033;seadus
https://www.riigiteataja.ee/akt/117112015013;seadus
https://www.riigiteataja.ee/akt/112012016005;seadus
https://www.riigiteataja.ee/akt/122092015004;seadus
https://www.riigiteataja.ee/akt/102102015009?leiaKehtiv;seadus
https://www.riigiteataja.ee/akt/112052015008;seadus
https://www.riigiteataja.ee/akt/127102015011;seadus
https://www.riigiteataja.ee/akt/129082015009?leiaKehtiv;seadus
https://www.riigiteataja.ee/akt/101092015003?leiaKehtiv;seadus
https://www.riigiteataja.ee/akt/111122015002?leiaKehtiv;seadus
https://www.riigiteataja.ee/akt/129052015004;seadus
https://www.riigiteataja.ee/akt/102052015006?leiaKehtiv;seadus
https://www.riigiteataja.ee/akt/ITDS;seadus
https://www.riigiteataja.ee/akt/223399;seadus
http://koolielu.ee/waramu/index;muu
http://www.e-ope.ee/repositoorium/;muu
https://moodle.hitsa.ee/;muu
https://kratt.edu.ee/;muu
https://riha.eesti.ee/riha/main#1456499350476lB296w5VMUoxsnx;muu
https://www.sais.ee/;muu
https://www.riigiteataja.ee/akt/128062013036;seadus
https://www.riigiteataja.ee/akt/13174576;seadus
https://www.riigiteataja.ee/akt/125052012016;seadus
https://www.riigiteataja.ee/akt/101092015003;seadus
http://eur-lex.europa.eu/legal-content/ET/TXT/PDF/?uri=OJ:L:2014:255:FULL&from=ET;ELi õigusakt
https://www.riigiteataja.ee/akt/117122015100;seadus
https://www.riigiteataja.ee/akt/110072012001?leiaKehtiv;seadus
https://www.riigiteataja.ee/en/eli/513042015004/consolide/current;seadus
https://www.riigiteataja.ee/akt/126112015002?leiaKehtiv;seadus
https://epria.pria.ee/epria/;muu
http://www.pria.ee/et/pria;muu
http://www.pria.ee/ePRIA/Juhendid;muu
https://www.riigiteataja.ee/akt/12924091?leiaKehtiv;seadus
https://www.riigiteataja.ee/akt/112072013032?leiaKehtiv;seadus
https://www.riigiteataja.ee/akt/108122015002?leiaKehtiv;seadus
https://www.riigiteataja.ee/akt/12766090?leiaKehtiv;seadus
http://eur-lex.europa.eu/legal-content/ET/TXT/?qid=1432041950642&uri=CELEX:32013R1305;ELi õigusakt
http://eur-lex.europa.eu/legal-content/ET/TXT/?qid=1430807093087&uri=CELEX:32013R1306;ELi õigusakt
http://eur-lex.europa.eu/legal-content/ET/TXT/?qid=1430807120275&uri=CELEX:32013R1307;ELi õigusakt
http://eur-lex.europa.eu/legal-content/ET/TXT/?qid=1430807154318&uri=CELEX:32014R0639;ELi õigusakt
http://eur-lex.europa.eu/legal-content/ET/TXT/?qid=1430807192582&uri=CELEX:32014R0640;ELi õigusakt
http://eur-lex.europa.eu/legal-content/ET/TXT/?qid=1430807224120&uri=CELEX:32014R0641;ELi õigusakt
http://eur-lex.europa.eu/legal-content/ET/TXT/?qid=1432041985334&uri=CELEX:32014R0807;ELi õigusakt
http://eur-lex.europa.eu/legal-content/ET/TXT/?qid=1432042014897&uri=CELEX:32014R0808;ELi õigusakt
http://eur-lex.europa.eu/legal-content/ET/TXT/?qid=1431087228486&uri=CELEX:32014R0809;ELi õigusakt
https://www.riigiteataja.ee/akt/104122014003;seadus
https://www.riigiteataja.ee/akt/110022015006;seadus
https://www.riigiteataja.ee/akt/113032015012;seadus
https://www.riigiteataja.ee/akt/116012015006;seadus
http://eur-lex.europa.eu/legal-content/ET/TXT/PDF/?uri=CELEX:02011R1035-20140523&from=EN;ELi õigusakt
https://www.riigiteataja.ee/akt/123022015003;seadus
https://www.riigiteataja.ee/akt/123032015257;seadus
https://www.riigiteataja.ee/akt/130122015037;seadus
https://www.riigiteataja.ee/akt/127012015008;seadus
https://www.riigiteataja.ee/akt/128022012006;seadus
https://www.riigiteataja.ee/akt/118082011002?leiaKehtiv;seadus
https://www.riigiteataja.ee/akt/130062015005?leiaKehtiv;seadus
https://www.riigiteataja.ee/akt/VeeS;seadus
www.sirp.ee;muu
https://www.riigiteataja.ee/akt/113032014030?leiaKehtiv;seadus
https://www.riigiteataja.ee/akt/130012016001?leiaKehtiv;seadus
https://www.riigiteataja.ee/akt/13194824;seadus
https://www.riigiteataja.ee/akt/319032013003;seadus
https://www.riigiteataja.ee/akt/130122015006?leiaKehtiv;seadus
https://www.riigiteataja.ee/akt/129122011233;seadus
https://www.riigiteataja.ee/akt/609071?leiaKehtiv;seadus
https://www.riigiteataja.ee/akt/24854?leiaKehtiv;seadus
https://www.riigiteataja.ee/akt/638028?leiaKehtiv;seadus
https://www.riigiteataja.ee/akt/130122014001?leiaKehtiv;seadus
https://www.riigiteataja.ee/akt/LennS;seadus
https://www.riigiteataja.ee/akt/RiPS;seadus
https://www.riigiteataja.ee/akt/13327338;seadus
https://www.riigiteataja.ee/akt/13333415;seadus
https://www.riigiteataja.ee/akt/12792920;seadus
https://www.riigiteataja.ee/akt/13334671;seadus
https://www.riigiteataja.ee/akt/106012016007#para11;seadus
http://www.tehvandisa.ee/tervisespordikeskus;muu
http://eur-lex.europa.eu/LexUriServ/LexUriServ.do?uri=OJ:L:2013:269:0001:0101:ET:PDF;ELi õigusakt
http://www.pma.agri.ee/index.php?id=104&sub=134&sub2=165&sub3=291;muu
http://www.pma.agri.ee/index.php?id=104&sub=355&sub2=381;muu
http://veneteater.ee/?page_id=11848&lang=et;muu
https://www.riigiteataja.ee/akt/974547?leiaKehtiv;seadus
https://www.riigiteataja.ee/akt/119012011022?leiaKehtiv;seadus
https://www.riigiteataja.ee/akt/102032011004?leiaKehtiv;seadus
http://pmk.agri.ee/files/f413/Lisa%201.pdf;muu
https://www.riigiteataja.ee/akt/124042015011;seadus
https://www.riigiteataja.ee/akt/102052015008;seadus
https://www.riigiteataja.ee/akt/102052015005;seadus
https://www.riigiteataja.ee/akt/124042015007;seadus
https://www.riigiteataja.ee/akt/102052015007;seadus
https://www.riigiteataja.ee/akt/13249266?leiaKehtiv;seadus
https://www.riigiteataja.ee/akt/102052015004;seadus
https://www.riigiteataja.ee/akt/102052015002;seadus
https://www.riigiteataja.ee/akt/124042015009;seadus
http://www.endla.ee/files/SIHTASUTUSE%20ENDLA%20TEATER%20P%C3%95HIKIRI.pdf;muu
https://www.riigiteataja.ee/akt/102052015003;seadus
https://www.riigiteataja.ee/akt/102052015001;seadus
https://www.riigiteataja.ee/akt/110022015004;seadus
https://www.riigiteataja.ee/akt/122042015032;seadus
https://www.riigiteataja.ee/akt/130062015041?leiaKehtiv;seadus
https://www.riigiteataja.ee/akt/123022011008?leiaKehtiv;seadus
https://www.riigiteataja.ee/akt/130122015026?leiaKehtiv;seadus
https://www.riigiteataja.ee/akt/101042014003?leiaKehtiv;seadus
https://www.riigiteataja.ee/akt/121052014024&leiaKehtiv;seadus
https://www.riigiteataja.ee/akt/127042011002?leiaKehtiv;seadus
http://www.spordimuuseum.ee/teenused;muu
http://www.nlib.ee/public/documents/tooruumidhinnakiri.pdf;muu
https://www.riigiteataja.ee/akt/113032014018?leiaKehtiv;seadus
http://www.nlib.ee/11237/;muu
http://www.nlib.ee/ismn/;muu
http://www.nlib.ee/public/documents/Made/ISMNi_kasutaja_juhend19nov14_z-1-5.pdf;muu
http://www.nlib.ee/issn/;muu
http://www.nlib.ee/juhend-isbni-andmiseks-e-raamatutele-4/;muu
http://www.nlib.ee/public/documents/Made/ISBNi_kasutaja_juhend.pdf;muu
http://www.nlib.ee/isbn/;muu
http://www.meis.ee/randetoetuste-maksmise-pohimotted;muu
https://www.riigiteataja.ee/akt/606779;seadus
http://www.integratsiooniinfo.ee/;muu
https://www.riigiteataja.ee/akt/MuKS;seadus
http://www.parnumuuseum.ee/kauglaenutus;muu
http://www.parnumuuseum.ee/kohvik;muu
http://www.parnumuuseum.ee/teenused;muu
http://www.parnumuuseum.ee/muuseumipood;muu
http://www.parnumuuseum.ee/piletihinnad;muu
https://www.riigiteataja.ee/akt/130122015018?leiaKehtiv;seadus
http://eur-lex.europa.eu/legal-content/ET/TXT/PDF/?uri=CELEX:32010R0066&from=EN;ELi õigusakt
http://parnumuuseum.ee/naituste-avamine;muu
http://www.parnumuuseum.ee/tootoad_lastele;muu
www.palmuseum.ee;muu
http://www.parnumuuseum.ee/giidi-teenus;muu
https://www.riigiteataja.ee/akt/119062015018?leiaKehtiv;seadus
http://eur-lex.europa.eu/legal-content/ET/TXT/PDF/?uri=CELEX:32009R1221&from=EN;ELi õigusakt
http://www.parnumuuseum.ee/docs/kogumisp6him6tted.pdf;muu
http://muuseum.hiiumaa.ee/WP/wp-content/uploads/2015/04/SA_Hiiumaa_Muuseumid_p%C3%B5hikiri.pdf;muu
https://www.riigiteataja.ee/akt/1042886?leiaKehtiv;seadus
https://www.riigiteataja.ee/akt/125102012017?leiaKehtiv#para38;seadus
https://www.riigiteataja.ee/akt/105112013002;seadus
http://geoportaal.maaamet.ee/docs/MISP/Xtee_paring.doc;muu
http://www.salm.ee/;muu
https://www.riigiteataja.ee/akt/126082015036?leiaKehtiv;seadus
https://www.riigiteataja.ee/akt/130122010006?leiaKehtiv;seadus
https://www.riigiteataja.ee/akt/13076672?leiaKehtiv;seadus
https://www.riigiteataja.ee/akt/128112012029?leiaKehtiv;seadus
https://www.riigiteataja.ee/akt/117122015017#para45b3lg3;seadus
https://www.riigiteataja.ee/akt/13099253?leiaKehtiv#para15;seadus
http://www.emta.ee/public/TIR_kon_II_01.01.2009.pdf;muu
https://www.riigiteataja.ee/akt/118112010003?leiaKehtiv;seadus
http://eur-lex.europa.eu/legal-content/ET/TXT/PDF/?uri=CELEX:01993R2454-20150501&qid=1440587618863&from=EN;ELi õigusakt
https://www.riigiteataja.ee/akt/117122015055?leiaKehtiv;seadus
https://www.riigiteataja.ee/akt/1017281?leiaKehtiv;seadus
https://www.riigiteataja.ee/akt/693680?leiaKehtiv;seadus
https://www.riigiteataja.ee/akt/704232;seadus
https://www.riigiteataja.ee/akt/110032011009;seadus
https://www.riigiteataja.ee/akt/125112014010;seadus
https://www.riigiteataja.ee/akt/104032015012?leiaKehtiv;seadus
https://www.riigiteataja.ee/akt/107062013006?leiaKehtiv;seadus
https://www.riigiteataja.ee/akt/13060644?leiaKehtiv;seadus
https://www.riigiteataja.ee/akt/13060644?leiaKehtiv#para23;seadus
https://www.riigiteataja.ee/akt/13060644?leiaKehtiv#para17;seadus
https://www.riigiteataja.ee/akt/117122015023;seadus
https://www.riigiteataja.ee/akt/742775?leiaKehtiv;seadus
https://www.riigiteataja.ee/akt/110012014013?leiaKehtiv;seadus
http://www.emta.ee/et;muu
http://eur-lex.europa.eu/legal-content/ET/TXT/PDF/?uri=CELEX:01992R2913-20140101&qid=1416989984270&from=ET;ELi õigusakt
https://www.riigiteataja.ee/akt/117122015017?leiaKehtiv;seadus
https://www.riigiteataja.ee/akt/119112010007?leiaKehtiv;seadus
https://www.riigiteataja.ee/akt/12766258;seadus
https://www.riigiteataja.ee/akt/ATKEAS;seadus
https://www.riigiteataja.ee/akt/102122014006?leiaKehtiv;seadus
https://www.riigiteataja.ee/akt/125102012017?leiaKehtiv;seadus
https://www.riigiteataja.ee/akt/VKS;seadus
https://www.riigiteataja.ee/akt/102072014003;seadus
https://www.riigiteataja.ee/akt/129062014089;seadus
https://www.riigiteataja.ee/akt/125102012017?leiaKehtiv#para33;seadus
https://www.riigiteataja.ee/akt/125102012017?leiaKehtiv#para32;seadus
https://www.riigiteataja.ee/akt/125102012017?leiaKehtiv#para29;seadus
https://www.riigiteataja.ee/akt/125102012017?leiaKehtiv#para27;seadus
https://www.riigiteataja.ee/akt/102122014006?leiaKehtiv#para54b4;seadus
https://www.riigiteataja.ee/akt/109072013006?leiaKehtiv#para30;seadus
www.veneteater.ee;muu
http://eur-lex.europa.eu/LexUriServ/LexUriServ.do?uri=OJ:L:2009:324:0023:0057:ET:PDF;ELi õigusakt
https://www.riigiteataja.ee/akt/110112015004#para37lg8;seadus
https://www.riigiteataja.ee/akt/102122014006?leiaKehtiv#para5;seadus
https://www.riigiteataja.ee/akt/102122014006?leiaKehtiv#para30;seadus
https://www.riigiteataja.ee/akt/109072013006?leiaKehtiv#para10;seadus
https://www.riigiteataja.ee/akt/102122014006?leiaKehtiv#para68;seadus
http://www.sisekaitse.ee/moodle;muu
http://www.sisekaitse.ee/Limesurvey;muu
https://www.riigiteataja.ee/akt/743041;seadus
https://www.riigiteataja.ee/akt/110112015004#para48b1lg2;seadus
https://www.riigiteataja.ee/akt/13299196?leiaKehtiv;seadus
http://eur-lex.europa.eu/legal-content/ET/TXT/PDF/?uri=CELEX:32005R1889&rid=3;ELi õigusakt
https://www.riigiteataja.ee/akt/13286708?leiaKehtiv;seadus
https://www.riigiteataja.ee/akt/13288900?leiaKehtiv;seadus
https://www.sais.ee/avalik/kes_et.html;muu
http://www.emta.ee/et/eraklient/reisimine-saadetised-umberasumine/kaupade-kaasatoomine-liiduvalisest-riigist;muu
http://www.sisekaitse.ee/ska/akadeemiast/oppetegevus/oppekorralduseeskiri/;muu
http://www.riigiteataja.ee/ert/act.jsp?id=12906565&searchCurrent;seadus
https://www.riigiteataja.ee/akt/125052012030?leiaKehtiv;seadus
https://www.riigiteataja.ee/akt/101042015003;seadus
https://www.riigiteataja.ee/akt/123032015207;seadus
https://www.riigiteataja.ee/akt/LKS;seadus
https://www.riigiteataja.ee/akt/123032015017;seadus
https://www.riigiteataja.ee/akt/117122015006;seadus
https://www.riigiteataja.ee/akt/131122015027;seadus
https://www.riigiteataja.ee/akt/109022016003?leiaKehtiv;seadus
https://www.riigiteataja.ee/akt/131122015045;seadus
https://www.riigiteataja.ee/akt/131122015028;seadus
http://eur-lex.europa.eu/LexUriServ/LexUriServ.do?uri=OJ:L:2009:197:0024:0064:ET:PDF;ELi õigusakt
https://www.riigiteataja.ee/akt/128062014153&LeiaKehtiv;seadus
http://www.emta.ee/sites/default/files/ariklient/aktsiisid-vara-hasartmang/aktsiisidest/saad_est.pdf;muu
https://www.riigiteataja.ee/akt/121112014029;seadus
https://www.riigiteataja.ee/akt/13360674;seadus
https://www.riigiteataja.ee/akt/123032012009;seadus
https://www.riigiteataja.ee/akt/119032015018;seadus
https://www.riigiteataja.ee/akt/108072015019?leiaKehtiv;seadus
https://www.riigiteataja.ee/akt/121102014011;seadus
https://www.riigiteataja.ee/akt/112072014014?leiaKehtiv;seadus
https://www.riigiteataja.ee/akt/118062013002?leiaKehtiv#para2;seadus
https://www.riigiteataja.ee/akt/118062013002?leiaKehtiv;seadus
https://www.riigiteataja.ee/akt/130122015053;seadus
https://www.riigiteataja.ee/akt/112072014115;seadus
https://www.riigiteataja.ee/akt/123032015207?leiaKehtiv;seadus
https://www.riigiteataja.ee/akt/110062015001;seadus
https://www.riigiteataja.ee/akt/130122015015?leiaKehtiv;seadus
https://www.riigiteataja.ee/akt/126082015034?leiaKehtiv;seadus
https://www.riigiteataja.ee/akt/110112010025?leiaKehtiv;seadus
https://www.riigiteataja.ee/akt/974547#para111;seadus
https://www.riigiteataja.ee/akt/125102012017?leiaKehtiv#para39;seadus
https://www.riigiteataja.ee/akt/739211?leiaKehtiv;seadus
https://www.riigiteataja.ee/akt/735317?leiaKehtiv;seadus
http://www.emta.ee/sites/default/files/ariklient/tulu-kulu-kaive-kasum/kaibemaks/vorm_kmt.pdf;muu
https://www.riigiteataja.ee/akt/128062014104;seadus
http://www.emta.ee/ariklient/registreerimine-ettevotlus/tootamine/tootamise-registri-kasutamise-juhendid;muu
http://www.emta.ee/sites/default/files/ariklient/toll-kaubavahetus/ettevotte-registreerimine-eori/valjaspool_euroopa_liitu_asuva_ettevotja_eori_numbri_taotlemine.pdf;ELi õigusakt
http://www.emta.ee/sites/default/files/ariklient/toll-kaubavahetus/ettevotte-registreerimine-eori/eori_numbri_taotlemine_eesti_ettevotjale.pdf;muu
http://www.emta.ee/sites/default/files/ariklient/toll-kaubavahetus/ettevotte-registreerimine-eori/mitteresidentidele_eori_numbri_valjastamine.pdf;muu
https://www.riigiteataja.ee/akt/13254828?leiaKehtiv#para7;seadus
https://www.riigiteataja.ee/akt/102072012019?leiaKehtiv#para6b1;seadus
http://www.emta.ee/sites/default/files/ariklient/registreerimine-ettevotlus/fuusilisest-isikust-ettevotjale/fie_abikaasa_mkri_registreerimise_avaldus.pdf;muu
https://www.riigiteataja.ee/akt/109112010031?leiaKehtiv;seadus
https://www.riigiteataja.ee/akt/110072013070;seadus
https://www.riigiteataja.ee/akt/115032014041;seadus
https://www.riigiteataja.ee/akt/13287696?leiaKehtiv;seadus
https://www.riigiteataja.ee/akt/109112010008&searchCurrent;seadus
https://www.riigiteataja.ee/akt/13328507#para7lg3;seadus
https://www.riigiteataja.ee/akt/837122;seadus
https://www.riigiteataja.ee/akt/572696;seadus
http://www.emta.ee/sites/default/files/ariklient/registreerimine-ettevotlus/mtu-sa/20150629_kaskkiri_maksu-_ja_tolliameti_tulumaksusoodustusega_uhenduste_nimekirja_kinnitamine.pdf;muu
http://www.emta.ee/sites/default/files/ariklient/registreerimine-ettevotlus/mtu-sa/ndusministri_22.01.2015_kaskkiri_nr_009_tulumaksusoodustusega_komisjoni_liikmed.pdf;muu
http://www.riigiteataja.ee/akt/323122014012;seadus
https://www.riigiteataja.ee/akt/128112012004;seadus
http://eur-lex.europa.eu/legal-content/ET/TXT/PDF/?uri=CELEX:32013R0525&from=EN;ELi õigusakt
https://www.riigiteataja.ee/akt/108052015010;seadus
https://www.riigiteataja.ee/akt/112072013027;seadus
https://www.riigiteataja.ee/akt/123032015144?leiaKehtiv;seadus
https://www.riigiteataja.ee/akt/130062015059?leiaKehtiv;seadus
https://www.riigiteataja.ee/akt/109012014015?leiaKehtiv;seadus
https://www.riigiteataja.ee/akt/123032015122?leiaKehtiv;seadus
https://www.riigiteataja.ee/aktilisa/1290/3201/1008/Lisa%203.pdf;seadus
https://www.riigiteataja.ee/akt/974547?leiaKehtiv#para23;seadus
http://www.emta.ee/sites/default/files/ariklient/registreerimine-ettevotlus/mitteresident/vorm_r4_est_eng.pdf;muu
http://www.emta.ee/sites/default/files/ariklient/registreerimine-ettevotlus/mitteresident/vorm_r4_est_rus.pdf;muu
http://www.emta.ee/sites/default/files/ariklient/registreerimine-ettevotlus/mitteresident/vorm_r3_est.pdf;muu
http://www.emta.ee/sites/default/files/ariklient/registreerimine-ettevotlus/mitteresident/vorm_r3_eng.pdf;muu
http://www.emta.ee/sites/default/files/ariklient/registreerimine-ettevotlus/mitteresident/vorm_r3_rus.pdf;muu
http://www.emta.ee/sites/default/files/ariklient/registreerimine-ettevotlus/mitteresident/vorm_r2_est-eng.pdf;muu
http://www.emta.ee/sites/default/files/ariklient/registreerimine-ettevotlus/mitteresident/vorm_r2_est_rus.pdf;muu
https://www.riigiteataja.ee/akt/974547?leiaKehtiv#para18;seadus
https://www.riigiteataja.ee/akt/119112010007?leiaKehtiv#para6;seadus
http://www.emta.ee/sites/default/files/ariklient/registreerimine-ettevotlus/mitteresident/taotlus_mitteresidendist_valjamakse_saaja_registreerimiseks.rtf;muu
http://harjutusvali.mil.ee/ul/Harjutusvaljade_broneerimisjuhend.pdf;muu
https://www.riigiteataja.ee/akt/125102012017?leiaKehtiv#para22;seadus
http://www.mil.ee/UserFiles/sisu/kaitsevagi/organisatsioon/dokumendiregister/dokumendid/Sageduskasutus/Sageduskasutuse%20taotluse%20t%C3%A4itmise%20juhend.pdf;muu
https://www.riigiteataja.ee/akt/104072014015?leiaKehtiv;seadus
https://www.riigiteataja.ee/akt/12913168;seadus
https://www.riigiteataja.ee/akt/128112014004;seadus
https://www.riigiteataja.ee/akt/114012014004?leiaKehtiv;seadus
https://www.riigiteataja.ee/akt/123032015124?leiaKehtiv;seadus
https://www.riigiteataja.ee/aktilisa/1281/1201/4004/Lisa%201.pdf#;seadus
http://ec.europa.eu/taxation_customs/resources/documents/taxation/vat/how_vat_works/telecom/explanatory_notes_2015_et.pdf#explanatory_notes;ELi õigusakt
http://eur-lex.europa.eu/legal-content/ET/TXT/HTML/?uri=CELEX:32012R0815&qid=1413869326935&from=ET;ELi õigusakt
https://www.riigiteataja.ee/akt/13114742?leiaKehtiv;seadus
https://www.riigiteataja.ee/akt/926223?leiaKehtiv;seadus
https://www.riigiteataja.ee/akt/926220?leiaKehtiv;seadus
https://www.riigiteataja.ee/akt/13249309?leiaKehtiv;seadus
https://www.riigiteataja.ee/akt/128122010002;seadus
https://www.riigiteataja.ee/akt/130122015073;seadus
https://www.riigiteataja.ee/akt/13246182?leiaKehtiv;seadus
https://www.riigiteataja.ee/akt/119092014007?leiaKehtiv;seadus
https://www.riigiteataja.ee/akt/128042011001?leiaKehtiv;seadus
https://www.riigiteataja.ee/akt/13132778;seadus
https://www.riigiteataja.ee/akt/107072015023#para12;seadus
http://geoportaal.maaamet.ee/est/Andmed-ja-kaardid/Geoloogilised-andmed/Geoloogiline-baaskaart/Juhendid-ja-seletuskirjad-p139.html;muu
https://www.riigiteataja.ee/akt/131032015022;seadus
https://www.riigiteataja.ee/akt/128042015012;seadus
https://www.riigiteataja.ee/akt/13342547?leiaKehtiv;seadus
https://www.riigiteataja.ee/akt/129122011226?leiaKehtiv;seadus
https://www.riigiteataja.ee/akt/119112010007;seadus
https://www.riigiteataja.ee/akt/128122011045?leiaKehtiv;seadus
https://www.riigiteataja.ee/akt/110012012027?leiaKehtiv;seadus
https://www.riigiteataja.ee/akt/12956835?leiaKehtiv;seadus
https://www.riigiteataja.ee/akt/117122015036?leiaKehtiv;seadus
https://www.riigiteataja.ee/akt/122032011009?leiaKehtiv;seadus
https://www.riigiteataja.ee/akt/110012012027?leiaKehtiv#para33;seadus
https://www.riigiteataja.ee/akt/122012016009;seadus
https://www.riigiteataja.ee/akt/129122015072;seadus
https://www.riigiteataja.ee/akt/130122015065?leiaKehtiv;seadus
http://abiinfo.rik.ee/#;muu
https://riha.eesti.ee/riha/main#1454923110272PszILfjrpQqXyvv;muu
https://www.riigiteataja.ee/akt/111122014007?leiaKehtiv;seadus
https://www.riigiteataja.ee/akt/12899868?leiaKehtiv;seadus
https://www.riigiteataja.ee/akt/102102015007;seadus
https://www.riigiteataja.ee/akt/128122011004?leiaKehtiv;seadus
https://www.riigiteataja.ee/akt/110012012012?leiaKehtiv;seadus
https://www.riigiteataja.ee/akt/113032014020;seadus
https://www.riigiteataja.ee/akt/104032015014;seadus
https://www.riigiteataja.ee/akt/NS;seadus
https://www.riigiteataja.ee/akt/112072014124;seadus
https://www.riigiteataja.ee/akt/122012016008;seadus
https://www.riigiteataja.ee/akt/112072014043;seadus
https://www.riigiteataja.ee/akt/112032015099;seadus
https://www.riigiteataja.ee/akt/116122014002;seadus
https://www.riigiteataja.ee/akt/105082014011;seadus
https://www.riigiteataja.ee/akt/122012016009#para46;seadus
https://www.riigiteataja.ee/akt/122122015016;seadus
https://www.riigiteataja.ee/akt/129122015071;seadus
https://www.riigiteataja.ee/akt/127052014013;seadus
http://eur-lex.europa.eu/legal-content/ET/TXT/?uri=CELEX:02003L0087-20090625;ELi õigusakt
https://www.riigiteataja.ee/akt/123122014008;seadus
https://www.riigiteataja.ee/akt/119032015057?leiaKehtiv;seadus
http://www.pma.agri.ee/index.php?id=104&sub=254&sub2=316&sub3=317;muu
http://www.rtk.ee/n%C3%B5uetega-seotud-isikud/kohtun%C3%B5uetega-seotud-info;muu
https://www.riigiteataja.ee/akt/13174576?leiaKehtiv;seadus
https://www.riigiteataja.ee/akt/125052012016?leiaKehtiv;seadus
https://www.riigiteataja.ee/akt/121052013006?leiaKehtiv;seadus
http://www.pma.agri.ee/index.php?id=104&sub=254&sub2=316;muu
https://www.riigiteataja.ee/akt/102022016008;seadus
https://www.riigiteataja.ee/akt/106012016019;seadus
https://www.riigiteataja.ee/akt/119032015037;seadus
https://www.riigiteataja.ee/akt/119032015024;seadus
https://www.e-toimik.ee/03_instruction.html;muu
https://www.riigiteataja.ee/akt/126062014011;seadus
https://www.riigiteataja.ee/akt/111122014007;seadus
https://www.riigiteataja.ee/akt/104072014006;seadus
http://www.rik.ee/et/e-toimik/masskasutajale;muu
http://www.nlib.ee/11237;muu
http://www.nlib.ee/public/documents/juhendid-eeskirjad-hinnad-jne/Kasutuseeskiri_20151215.pdf;muu
http://www.nlib.ee/public/documents/RRi_teenuste_hinnakiri_2015.pdf;muu
http://www.nlib.ee/public/documents/juhendid-eeskirjad-hinnad-jne/RVLi_juhend.pdf;muu
http://www.nlib.ee/telli-ja-pikenda/index.php?id=11714;muu
http://www.pma.agri.ee/index.php?id=104&sub=128&sub2=293&sub3=314;muu
http://kke.innove.ee/keelekumblusest/programmi-strateegia;muu
http://www.elk.ee/?page_id=10440;muu
https://www.riigiteataja.ee/akt/105062015012;seadus
https://www.riigiteataja.ee/akt/110072014005;seadus
https://www.riigiteataja.ee/akt/118032011001;seadus
http://www.elk.ee/?page_id=652;muu
https://www.riigiteataja.ee/akt/961169;seadus
https://www.riigiteataja.ee/akt/123032015029;seadus
https://www.riigiteataja.ee/akt/118122015012;seadus
https://www.riigiteataja.ee/akt/13337919;seadus
https://www.riigiteataja.ee/akt/113092012005?leiaKehtiv;seadus
http://www.elk.ee/riksweb/index.asp?action=110#p2;muu
https://www.riigiteataja.ee/akt/101092015009;seadus
http://draamateater.ee/sites/default/files/2015Draamateater_pohikiri.pdf;muu
https://www.riigiteataja.ee/akt/122062011002;seadus
https://www.riigiteataja.ee/akt/122042015005?leiaKehtiv;seadus
https://www.riigiteataja.ee/akt/111052011012?leiaKehtiv;seadus
https://www.riigiteataja.ee/akt/122062011004;seadus
http://dokreg.kul.ee/index.php?id=10318&op=doc_details&dok_id=33292&asutus_id=1;muu
https://www.riigiteataja.ee/akt/108072011026;seadus
https://www.siseministeerium.ee/et/tegevusvaldkonnad/valisvahendid;muu
http://tmm.ee/uurijale/tellimisvorm;muu
https://www.riigiteataja.ee/akt/104122014014;seadus
http://www.etag.ee/teadusagentuur/dokumendid/pohikiri/;muu
https://www.hm.ee/sites/default/files/59705_teadmistepohine_eesti_est.pdf;muu
http://www.etag.ee/wp-content/uploads/2013/09/eesti_el_tai_osaluskava-eelnou.pdf;muu
https://www.riigiteataja.ee/akt/105042012004;seadus
https://www.riigiteataja.ee/akt/125022013014?leiaKehtiv;seadus
https://www.riigiteataja.ee/akt/129052013021?leiaKehtiv;seadus
http://www.concert.ee/failid/File/SA/pohikiri_SA_Eesti_Kontsert.pdf;muu
https://www.riigiteataja.ee/akt/127082013019?leiaKehtiv;seadus
https://www.riigiteataja.ee/akt/130062015060?leiaKehtiv;seadus
https://www.riigiteataja.ee/akt/131032015003?leiaKehtiv;seadus
https://www.riigiteataja.ee/akt/130062015049?leiaKehtiv;seadus
https://www.riigiteataja.ee/akt/108072015009;seadus
https://www.riigiteataja.ee/akt/113102015002;seadus
http://www.etag.ee/wp-content/uploads/2016/01/Mobilitas-Pluss-käskkiri.pdf;muu
http://www.etag.ee/wp-content/uploads/2012/05/Personaalse-uurimistoetuse-taotlemise-tingimused-ja-kord.pdf;muu
http://www.ut.ee/sites/default/files/livelink_files/kehtib_alates_01.01.2014_institutsionaalse_uurimistoetuse_taotlemise_kord_2014._aastal.pdf;muu
http://www.etag.ee/wp-content/uploads/2013/06/Hindamisn%C3%B5ukogu-liikmete-esitatud-institutsionaalse-uurimistoetuse-taotluste-ja-j%C3%A4tkutaotluste-hindamiskomisjoni-t%C3%B6%C3%B6kord.pdf;muu
https://www.riigiteataja.ee/akt/104122014014?leiaKehtiv;seadus
http://www.etag.ee/wp-content/uploads/2013/05/Eesti-teadustaristute-teekaart.pdf;muu
https://www.riigiteataja.ee/akt/129122011040;seadus
http://pmk.agri.ee/files/f402/akl_pohimaarus.pdf;muu
http://pmk.agri.ee/files/f413/Lisa%203.pdf;muu
https://www.riigiteataja.ee/akt/122042015031;seadus
https://www.riigiteataja.ee/akt/122042015030;seadus
https://www.riigiteataja.ee/akt/101092015023;seadus
http://eur-lex.europa.eu/legal-content/ET/TXT/PDF/?uri=CELEX:32004R0882&rid=1;ELi õigusakt
http://eur-lex.europa.eu/legal-content/ET/TXT/HTML/?uri=CELEX:32004R0854&rid=1;ELi õigusakt
http://eur-lex.europa.eu/legal-content/EN/ALL/?uri=CELEX:32011G1220(01);ELi õigusakt
https://europass.cedefop.europa.eu/et/resources/downloads/misc-documents;ELi õigusakt
https://www.riigiteataja.ee/akt/13185447;seadus
https://www.riigiteataja.ee/akt/13091006?leiaKehtiv;seadus
https://www.riigiteataja.ee/akt/13214816;seadus
https://www.riigiteataja.ee/akt/13080263;seadus
https://www.riigiteataja.ee/akt/13097607;seadus
https://www.riigiteataja.ee/akt/105122014036;seadus
https://www.riigiteataja.ee/akt/121022014015;seadus
https://www.riigiteataja.ee/akt/772539?leiaKehtiv;seadus
https://www.riigiteataja.ee/akt/121112014020;seadus
https://www.hm.ee/sites/default/files/noortevaldkonna_arengukava_2014-2020.pdf;muu
http://archimedes.ee/wp-content/uploads/2015/09/archimedes-pohikiri-02-04-2015.pdf;muu
https://www.riigiteataja.ee/akt/739994;seadus
https://www.riigiteataja.ee/akt/123032015253;seadus
https://www.riigiteataja.ee/akt/129122011185;seadus
https://www.riigiteataja.ee/akt/13357507?leiaKehtiv;seadus
https://www.riigiteataja.ee/akt/112072014071;seadus
http://www.emta.ee/index.php?id=30303;muu
http://www.rahvakultuur.ee/s2/231_811_45_Eesti_keeles_pdf_.pdf;muu
https://www.riigiteataja.ee/akt/111062014005;seadus
http://www.keskkonnaamet.ee/teenused/maapou-6/kaevandamisluba/;muu
https://www.riigiteataja.ee/akt/130122014007;seadus
https://www.riigiteataja.ee/akt/130062015050?leiaKehtiv;seadus
http://www.keskkonnaamet.ee/teenused/kiirgus-2/radooni-mootmine/;muu
http://www.keskkonnaamet.ee/teenused/jaatmed-2/registreerimistoend/;muu
http://eur-lex.europa.eu/legal-content/ET/TXT/PDF/?uri=CELEX:32013R1260&rid=1;ELi õigusakt
http://www.pikk.ee/upload/files/Noustamishanke_leping.pdf;muu
http://media.voog.com/0000/0037/0396/files/ahhaa%20p%C3%B5hikiri%20wordis%202015.pdf;muu
http://eur-lex.europa.eu/legal-content/ET/TXT/?qid=1425470408857&uri=CELEX:32009R0223;ELi õigusakt
https://www.riigiteataja.ee/akt/101092015020;seadus
https://www.riigiteataja.ee/akt/125062016057;seadus
http://eur-lex.europa.eu/legal-content/ET/TXT/?qid=1409235499474&uri=CELEX:02004R0883-20140101;ELi õigusakt
https://www.riigiteataja.ee/akt/128062014039;seadus
https://www.riigiteataja.ee/akt/113012015021;seadus
https://www.riigiteataja.ee/akt/130122014017?leiaKehtiv;seadus
https://www.riigiteataja.ee/akt/111062014005?leiaKehtiv;seadus
https://www.riigiteataja.ee/akt/111072012014?leiaKehtiv;seadus
http://www.keskkonnaamet.ee/teenused/vesi-2/veehaarde-sanitaarkaitseala/;muu
https://www.riigiteataja.ee/akt/122042015027;seadus
https://www.riigiteataja.ee/akt/112072014128?leiaKehtiv;seadus
https://www.riigiteataja.ee/akt/113012012002?leiaKehtiv;seadus
https://www.riigiteataja.ee/akt/127092011006?leiaKehtiv;seadus
https://www.riigiteataja.ee/akt/120042012006?leiaKehtiv;seadus
https://www.hm.ee/sites/default/files/strateegia2020.pdf;muu
http://www.innove.ee/UserFiles/Karj%C3%A4%C3%A4riteenused/Karj%C3%A4%C3%A4riteenused/Karj%C3%A4%C3%A4riteenuste%20kontseptsioon/Karjaariteenuste_kontseptsioon_2013_2020.pdf;muu
https://www.riigiteataja.ee/akt/12904627?leiaKehtiv;seadus
https://www.riigiteataja.ee/akt/121122010014&searchCurrent;seadus
https://www.riigiteataja.ee/akt/130122014015;seadus
https://www.riigiteataja.ee/akt/122122011002&leiaKehtiv;seadus
https://www.riigiteataja.ee/akt/129122011145&leiaKehtiv;seadus
https://www.riigiteataja.ee/akt/128122011054&leiaKehtiv;seadus
https://www.riigiteataja.ee/akt/129122011048&leiaKehtiv;seadus
http://www.arhitektuurimuuseum.ee/muuseum/dokumendid/muuseumi-pohimaarus/;muu
https://www.riigiteataja.ee/akt/13361720?leiaKehtiv;seadus
https://www.riigiteataja.ee/akt/131072015008?leiaKehtiv;seadus
https://www.riigiteataja.ee/akt/109112012005;seadus
https://www.riigiteataja.ee/akt/110022015014;seadus
https://www.riigiteataja.ee/akt/112072014101;seadus
https://www.riigiteataja.ee/akt/12851852?leiaKehtiv#para33;seadus
https://www.riigiteataja.ee/akt/123022011008#jg13;seadus
http://www.keskkonnaamet.ee/teenused/valisohukaitse/fluoritud-kasvuhoonegaasid-ja-osoonikihti-kahandavad-ained/kutsetunnistused-ja-sertifikaadid/;muu
https://www.riigiteataja.ee/ert/act.jsp?id=1045533;seadus
https://www.riigiteataja.ee/ert/act.jsp?id=12796863;seadus
https://www.riigiteataja.ee/ert/act.jsp?id=264458;seadus
https://www.riigiteataja.ee/ert/act.jsp?id=71916;seadus
https://www.riigiteataja.ee/akt/106032013016?leiaKehtiv;seadus
http://www.vta.ee/public/VA_01_uldteenistuse_pohimaarus.pdf;muu
http://pmk.agri.ee/files/f491/skl.PDF;muu
http://pmk.agri.ee/files/f413/Lisa%206.pdf;muu
https://www.riigiteataja.ee/akt/129062014013;seadus
https://www.riigiteataja.ee/akt/13053512?leiaKehtiv;seadus
https://www.riigiteataja.ee/akt/127122012008?leiaKehtiv;seadus
http://www.agri.ee/et/eesmargid-tegevused/kalamajandus-ja-kutseline-kalapuuk/turukorraldus#oigusaktid;muu
https://www.riigiteataja.ee/akt/avts#para4;seadus
https://www.riigiteataja.ee/akt/104072011012?leiaKehtiv;seadus
https://www.riigiteataja.ee/akt/777317?leiaKehtiv;seadus
http://www.keskkonnaamet.ee/teenused/maapou-6/uldgeoloogilise-uurimistoo-ja-geoloogilise-uuringu-luba/;muu
https://www.riigiteataja.ee/akt/123032015101?leiaKehtiv;seadus
https://www.riigiteataja.ee/akt/116052013002?leiaKehtiv;seadus
http://www.keskkonnaamet.ee/teenused/jaatmed-2/jaatmeluba/;muu
http://eur-lex.europa.eu/legal-content/ET/TXT/PDF/?uri=CELEX:32004R0638&rid=1;ELi õigusakt
piimandusmuuseum.ee/pohimaarus;muu
https://www.riigiteataja.ee/akt/110072013046;seadus
https://www.riigiteataja.ee/akt/109042014003?leiaKehtiv;seadus
https://www.riigiteataja.ee/akt/13261875?leiaKehtiv;seadus
https://www.riigiteataja.ee/akt/13348893?leiaKehtiv;seadus
https://www.riigiteataja.ee/akt/115052015002?leiaKehtiv;seadus
https://www.riigiteataja.ee/akt/12905147?leiaKehtiv;seadus
https://www.riigiteataja.ee/akt/13027428?leiaKehtiv;seadus
https://www.riigiteataja.ee/akt/123032015145?leiaKehtiv;seadus
https://www.riigiteataja.ee/akt/78895;seadus
https://www.riigiteataja.ee/akt/104102012008?leiaKehtiv;seadus
http://eur-lex.europa.eu/legal-content/ET/TXT/HTML/?uri=CELEX:32007D0533&from=EN;ELi õigusakt
http://www.stat.ee/levipoliitika;muu
http://www.keskkonnaamet.ee/teenused/jaatmed-2/ohtlike-jaatmete-kaitluslitsents/;muu
https://www.riigiteataja.ee/akt/123032015119?leiaKehtiv;seadus
https://www.riigiteataja.ee/akt/128062011015;seadus
https://www.riigiteataja.ee/akt/123032015095?leiaKehtiv;seadus
https://www.riigiteataja.ee/akt/126062015008?leiaKehtiv;seadus
https://www.riigiteataja.ee/akt/122042015013?leiaKehtiv;seadus
https://www.riigiteataja.ee/akt/102072012029?leiaKehtiv;seadus
https://www.riigiteataja.ee/akt/12905100?leiaKehtiv;seadus
https://www.riigiteataja.ee/akt/12889990?leiaKehtiv;seadus
https://www.riigiteataja.ee/akt/12848939?leiaKehtiv;seadus
https://www.riigiteataja.ee/akt/13000997?leiaKehtiv;seadus
https://www.riigiteataja.ee/akt/111092015003?leiaKehtiv;seadus
piimandusmuuseum.ee;muu
https://www.riigiteataja.ee/akt/13242432?leiaKehtiv;seadus
https://www.riigiteataja.ee/akt/126022015018?leiaKehtiv;seadus
http://www.vta.ee/public/VA_01_MOT_pohimaarus.pdf;muu
http://eelnoud.valitsus.ee/main/mount/docList/ffde7412-b56c-41b9-a3f9-44c9a053d318#AHcudl9P;muu
http://www.keskkonnaamet.ee/teenused/looduskaitse-2/loomalindude-tekitatud-kahju-huvitamine/;muu
http://www.kutsekoda.ee/et/kutseregister/kutsenoukogud/10086225/otsus/10499974/Toiduainet%C3%B6%C3%B6suse%20ja%20P%C3%B5llumajanduse%20KN%20otsus%20nr.%2022,%2028.11.2013.pdf;muu
http://www.keskkonnaamet.ee/teenused/valisohukaitse/saasteluba-ja-erisaasteluba/;muu
http://eur-lex.europa.eu/legal-content/ET/TXT/?uri=uriserv:OJ.L_.2008.114.01.0057.01.EST&toc=OJ:L:2008:114:TOC;ELi õigusakt
https://www.riigiteataja.ee/akt/119122015016;seadus
http://www.vta.ee/uldinfo/;muu
https://www.riigiteataja.ee/akt/VetKS;seadus
https://www.riigiteataja.ee/akt/122042015007?leiaKehtiv;seadus
https://www.riigiteataja.ee/akt/131072015010?leiaKehtiv;seadus
https://www.riigiteataja.ee/akt/112072014063;seadus
https://www.riigiteataja.ee/akt/130122015112?leiaKehtiv;seadus
https://www.riigiteataja.ee/akt/1040631?leiaKehtiv;seadus
https://www.riigiteataja.ee/akt/12975262?leiaKehtiv;seadus
http://eur-lex.europa.eu/legal-content/EN/ALL/?uri=CELEX:32000L0029;ELi õigusakt
http://pmk.agri.ee/files/f401/TTMBL_pohimaarus.pdf;muu
http://pmk.agri.ee/files/f413/Lisa%204.pdf;muu
https://www.riigiteataja.ee/akt/926713;seadus
http://ekka.archimedes.ee/wp-content/uploads/EKKA_pohimaarus_-13.06.2012.pdf;muu
http://ekka.archimedes.ee/wp-content/uploads/EKKA_arengukava.pdf;muu
http://www.innove.ee/UserFiles/Karj%C3%A4%C3%A4riteenused/%C3%95ppen%C3%B5ustamisteenused/Programm_Oppenou_sus_arendamine_programmdokument%2027.06.11.pdf;muu
https://www.riigiteataja.ee/akt/123122013023#para23;seadus
https://www.riigiteataja.ee/akt/101092015020?leiaKehtiv;seadus
https://www.riigiteataja.ee/akt/22762?leiaKehtiv;seadus
https://www.riigiteataja.ee/akt/25620?leiaKehtiv;seadus
https://www.riigiteataja.ee/akt/105122014034?leiaKehtiv;seadus
https://www.riigiteataja.ee/akt/106072013006?leiaKehtiv;seadus
https://www.riigiteataja.ee/akt/13198023?leiaKehtiv;seadus
https://www.riigiteataja.ee/akt/12850781?leiaKehtiv;seadus
https://www.riigiteataja.ee/akt/13349120&searchCurrent;seadus
https://www.riigiteataja.ee/akt/113082012003;seadus
https://www.riigiteataja.ee/akt/128122010014&searchCurrent;seadus
https://www.riigiteataja.ee/akt/129062014071?leiaKehtiv;seadus
https://www.riigiteataja.ee/akt/108072011015?leiaKehtiv;seadus
http://eur-lex.europa.eu/LexUriServ/LexUriServ.do?uri=OJ:L:2014:044:0001:0034:ET:PDF;ELi õigusakt
https://www.riigiteataja.ee/akt/112022013002;seadus
https://www.riigiteataja.ee/akt/13332259;seadus
https://www.riigiteataja.ee/akt/112032015102;seadus
https://www.riigiteataja.ee/akt/113112013009;seadus
https://www.riigiteataja.ee/akt/105012011016&leiaKehtiv;seadus
https://www.riigiteataja.ee/akt/NTS;seadus
http://www.entk.ee/sites/default/files/arengukava%202014_2020.pdf;muu
https://www.ria.ee/public/dvk_kord.pdf;muu
http://www.muis.ee/help/Index;muu
https://www.riigiteataja.ee/akt/124042015008;seadus
https://www.riigiteataja.ee/akt/110112015002;seadus
https://www.riigiteataja.ee/akt/112072014146?leiaKehtiv;seadus
https://www.riigiteataja.ee/akt/126022015017?leiaKehtiv;seadus
https://www.riigiteataja.ee/akt/110012014013?leiaKehtiv#para2b1;seadus
https://www.riigiteataja.ee/akt/126082015010?leiaKehtiv;seadus
https://www.riigiteataja.ee/akt/87214;seadus
https://www.riigiteataja.ee/akt/13250753;seadus
https://www.mkm.ee/sites/default/files/avalike_teenuste_omanike_maaratlemise_analyys_ja_ettepanekud.pdf;muu
https://www.riigiteataja.ee/akt/123032015137?leiaKehtiv;seadus
http://eur-lex.europa.eu/legal-content/ET/TXT/HTML/?uri=CELEX:32013R1305&from=ET;ELi õigusakt
https://www.riigiteataja.ee/akt/102052013003;seadus
https://www.riigiteataja.ee/akt/12798044?leiaKehtiv;seadus
https://www.riigiteataja.ee/akt/109032011015?leiaKehtiv;seadus
https://www.riigiteataja.ee/akt/121122010014,https://www.riigiteataja.ee/akt/128122010020,https://www.riigiteataja.ee/akt/109122010006;seadus
http://www.keskkonnaamet.ee/teenused/keskkonnakorraldus-2/keskkonnakompleksluba/;muu
http://www.innove.ee/UserFiles/Haridustugiteenused/Rajaleidja/%C3%95ppe-%20ja%20karj%C3%A4%C3%A4rin%C3%B5ustamise%20programm.pdf;muu
https://www.riigiteataja.ee/akt/112072014051?leiaKehtiv;seadus
http://eur-lex.europa.eu/legal-content/ET/TXT/HTML/?uri=CELEX:22010A0113(01)&from=EN;ELi õigusakt
https://www.riigiteataja.ee/akt/129062014040;seadus
https://www.riigiteataja.ee/akt/12910889;seadus
https://www.riigiteataja.ee/akt/105122014034;seadus
https://www.riigiteataja.ee/akt/13133291&leiaKehtiv;seadus
https://www.riigiteataja.ee/akt/112072014104;seadus
https://www.riigiteataja.ee/akt/13315648;seadus
https://www.riigiteataja.ee/akt/13304858;seadus
https://www.riigiteataja.ee/akt/129032012009;seadus
https://www.riigiteataja.ee/akt/13358340;seadus
http://www.entk.ee/sites/default/files/Noorsoot%C3%B6%C3%B6%20kutseala%20kutsete%20KA%20kord%20210414.pdf;muu
https://www.riigiteataja.ee/akt/127012015009?leiaKehtiv;seadus
https://www.riigiteataja.ee/akt/107072015023?leiaKehtiv;seadus
https://www.riigiteataja.ee/akt/129122011185?leiaKehtiv;seadus
https://www.riigiteataja.ee/akt/123032015265?leiaKehtiv;seadus
https://www.riigiteataja.ee/akt/130052015003?leiaKehtiv;seadus
https://www.riigiteataja.ee/akt/128042015017?leiaKehtiv;seadus
https://www.riigiteataja.ee/akt/129082015050;seadus
https://www.riigiteataja.ee/akt/13196603?leiaKehtiv;seadus
https://www.mkm.ee/et/tegevused-eesmargid/infouhiskond;muu
https://www.riigiteataja.ee/akt/112072014144?leiaKehtiv;seadus
http://www.keskkonnaamet.ee/teenused/valisohukaitse/orgaaniliste-lahustite-kasutaja-registreerimine/;muu
https://www.riigiteataja.ee/akt/114032014046;seadus
https://www.riigiteataja.ee/akt/128122011003;seadus
http://www.epa.ee/et/andmebaasid/leiutiste-andmebaasid#EP;muu
https://www.riigiteataja.ee/akt/112072014055;seadus
http://www.keskkonnaamet.ee/teenused/maapou-6/kaevisekatendi-voorandamine-voi-valjaspool-kinnisasja-kasutamine/;muu
https://www.riigiteataja.ee/akt/105122014039;seadus
https://www.riigiteataja.ee/akt/123032015119;seadus
https://www.riigiteataja.ee/akt/122042015011;seadus
https://www.riigiteataja.ee/akt/122042015005;seadus
https://www.riigiteataja.ee/akt/122042015020;seadus
https://www.riigiteataja.ee/akt/122042015019;seadus
https://www.riigiteataja.ee/akt/120052015006;seadus
https://www.riigiteataja.ee/akt/12912408?leiaKehtiv;seadus
https://www.riigiteataja.ee/akt/13338093?leiaKehtiv;seadus
www.arhitektuurimuuseum.ee/muuseum/dokumendid/muuseumi-pohimaarus/;muu
https://www.riigiteataja.ee/akt/104122014003?leiaKehtiv;seadus
https://www.riigiteataja.ee/akt/121092011006?leiaKehtiv;seadus
https://www.riigiteataja.ee/akt/121102015003?leiaKehtiv;seadus
https://www.riigiteataja.ee/akt/123042013011;seadus
https://www.riigiteataja.ee/akt/126032013006;seadus
https://www.riigiteataja.ee/akt/123032015072;seadus
https://www.riigiteataja.ee/akt/123032015255;seadus
https://www.riigiteataja.ee/akt/128122011003?leiaKehtiv;seadus
https://www.riigiteataja.ee/akt/110012012003?leiaKehtiv;seadus
https://www.riigiteataja.ee/akt/123122010035?leiaKehtiv;seadus
https://www.riigiteataja.ee/akt/131122010063?leiaKehtiv#para2;seadus
https://www.riigiteataja.ee/akt/130062015025?leiaKehtiv;seadus
http://www.keskkonnaamet.ee/teenused/vesi-2/vee-erikasutusluba/;muu
http://www.hm.ee/index.php?popup=download&id=5420;muu
https://www.riigiteataja.ee/akt/128052011001?leiaKehtiv;seadus
https://www.riigiteataja.ee/akt/129072015011;seadus
https://www.riigiteataja.ee/akt/122042015018;seadus
https://www.riigiteataja.ee/akt/128122011010?leiaKehtiv;seadus
https://www.riigiteataja.ee/akt/131052013007?leiaKehtiv;seadus
http://www.epa.ee/et/andmebaasid/leiutiste-andmebaasid#mudel;muu
https://www.riigiteataja.ee/akt/128062011035;seadus
https://www.riigiteataja.ee/akt/123032015120?leiaKehtiv;seadus
https://www.riigiteataja.ee/akt/125012013004?leiaKehtiv;seadus
https://www.riigiteataja.ee/akt/129072015007?leiaKehtiv;seadus
https://www.riigiteataja.ee/akt/128122010002#para6;seadus
http://adm.archimedes.ee/enic/wp-includes/ms-files.php?file=2012/07/Factsheet-Eesti_ENIC-NARIC-keskuse-tegevus.pdf;muu
http://adm.archimedes.ee/enic/wp-includes/ms-files.php?file=2015/06/Hindamise-kord_2011.pdf;muu
http://adm.archimedes.ee/enic/wp-includes/ms-files.php?file=2012/07/NATIONAL_ACTION_PLANS_FOR_RECOGNITION.pdf;muu
https://www.riigiteataja.ee/akt/129062014108?leiaKehtiv;seadus
https://www.riigiteataja.ee/akt/111112014011?leiaKehtiv;seadus
http://eur-lex.europa.eu/LexUriServ/LexUriServ.do?uri=OJ:L:2011:271:0015:0022:ET:PDF;ELi õigusakt
http://eur-lex.europa.eu/legal-content/ET/TXT/HTML/?uri=CELEX:32013R0093&rid=1;ELi õigusakt
http://www.keskkonnaamet.ee/teenused/kiirgus-2/;muu
https://www.riigiteataja.ee/akt/114032014012;seadus
https://www.riigiteataja.ee/akt/13338097;seadus
"https://www.riigiteataja.ee/akt/112072014051?leiaKehtiv; https://www.riigiteataja.ee/akt/112032015010?leiaKehtiv";seadus
https://www.riigiteataja.ee/akt/104062014009;seadus
https://www.riigiteataja.ee/akt/123032015002?leiaKehtiv;seadus
https://www.riigiteataja.ee/akt/88172;seadus
https://www.riigiteataja.ee/akt/12863326?leiaKehtiv;seadus
https://www.riigiteataja.ee/akt/101092015001?leiaKehtiv;seadus
https://www.riigiteataja.ee/akt/121122011019&leiaKehtiv;seadus
https://www.riigiteataja.ee/akt/105082014007;seadus
https://www.riigiteataja.ee/akt/120052015005?leiaKehtiv;seadus
http://www.epa.ee/et/kaubamarkide-andmebaasid/patendiameti-kaubamarkide-andmebaas;muu
https://www.riigiteataja.ee/akt/130122011047?leiaKehtiv;seadus
https://www.riigiteataja.ee/akt/129062014006?leiaKehtiv;seadus
https://www.riigiteataja.ee/akt/129062014131;seadus
https://www.riigiteataja.ee/akt/120112015010;seadus
https://www.riigiteataja.ee/akt/122122012008;seadus
https://www.riigiteataja.ee/akt/101092015009?leiaKehtiv;seadus
http://www.vta.ee/riigiloivud/;muu
https://www.riigiteataja.ee/akt/121092011005?leiaKehtiv;seadus
http://www.keskkonnaamet.ee/teenused/kiirgus-2/kiirguseksperdi-tegevuslitsents/;muu
http://www.tja.ee/digitaalallkiri/;muu
http://eur-lex.europa.eu/LexUriServ/LexUriServ.do?uri=OJ:L:2008:097:0072:0084:ET:PDF;ELi õigusakt
http://eur-lex.europa.eu/LexUriServ/LexUriServ.do?uri=OJ:L:2010:055:0001:0055:ET:PDF;ELi õigusakt
https://www.riigiteataja.ee/akt/131032015005;seadus
https://www.riigiteataja.ee/akt/128122011013?leiaKehtiv;seadus
http://www.epa.ee/et/andmebaasid/leiutiste-andmebaasid;muu
https://www.riigiteataja.ee/akt/12933746?leiaKehtiv;seadus
https://www.eesti.ee/est/teemad/kodanik/riigiportaali_abi/riigiportaali_eesti_ee_kasutustingimused;muu
https://www.riigiteataja.ee/akt/129102015013?leiaKehtiv;seadus
http://www.epa.ee/et/toostusdisainilahenduste-andmebaasid/patendiameti-toostusdisainilahenduste-andmebaas;muu
http://www.mnt.ee/index.php?id=11281;muu
https://www.riigiteataja.ee/akt/13027902?leiaKehtiv;seadus
http://eur-lex.europa.eu/LexUriServ/LexUriServ.do?uri=OJ:L:2011:206:0021:0038:ET:PDF;ELi õigusakt
https://www.riigiteataja.ee/akt/126082015006;seadus
https://www.riigiteataja.ee/akt/119062015002;seadus
https://www.riigiteataja.ee/akt/104062013005?leiaKehtiv;seadus
https://www.riigiteataja.ee/akt/103032011006;seadus
https://www.riigiteataja.ee/akt/111072015005;seadus
https://www.riigiteataja.ee/akt/115072015005;seadus
https://www.riigiteataja.ee/akt/111122014005;seadus
https://www.riigiteataja.ee/akt/115022011005?leiaKehtiv;seadus
http://www.struktuurifondid.ee/public/Rakenduskava.pdf;muu
https://www.riigiteataja.ee/akt/12898613?leiaKehtiv;seadus
https://www.riigiteataja.ee/akt/123122015004?leiaKehtiv;seadus
http://eur-lex.europa.eu/LexUriServ/LexUriServ.do?uri=OJ:L:2007:108:0001:0014:ET:PDF;ELi õigusakt
https://www.riigiteataja.ee/akt/112032015077?leiaKehtiv;seadus
http://www.keskkonnaamet.ee/teenused/kiirgus-2/kiirgustaseme-mootmine-ja-kiirgusohutushinnang/;muu
https://www.riigiteataja.ee/akt/129062014069;seadus
https://www.riigiteataja.ee/akt/%C3%9CTS;seadus
http://eur-lex.europa.eu/legal-content/ET/TXT/HTML/?uri=CELEX:31995R2494&qid=1449124285918&from=ET;ELi õigusakt
http://eur-lex.europa.eu/LexUriServ/LexUriServ.do?uri=CONSLEG:2009R0272:20130321:ET:PDF;ELi õigusakt
https://www.riigiteataja.ee/akt/130122011009?leiaKehtiv;seadus
https://www.riigiteataja.ee/akt/103042014006;seadus
https://www.riigiteataja.ee/akt/110012012002?leiaKehtiv;seadus
http://pmk.agri.ee/files/f413/Lisa%205.pdf;muu
https://www.riigiteataja.ee/akt/129122011154?leiaKehtiv;seadus
http://www.epa.ee/et/geograafiliste-tahiste-andmebaasid/patendiameti-geograafiliste-tahiste-andmebaas;muu
https://www.riigiteataja.ee/akt/108052015003?leiaKehtiv;seadus
https://www.riigiteataja.ee/akt/129102010007;seadus
http://www.keskkonnaamet.ee/teenused/valisohukaitse/fluoritud-kasvuhoonegaasid-ja-osoonikihti-kahandavad-ained/foka-register-2/;muu
http://www.vet.agri.ee/?op=body&id=492;muu
http://www.keskkonnaamet.ee/teenused/kalandus-3/kalastuskaardi-valjastamine-ja/;muu
https://www.riigiteataja.ee/akt/109102015001;seadus
https://www.riigiteataja.ee/akt/13314859?leiaKehtiv;seadus
http://eur-lex.europa.eu/legal-content/ET/TXT/HTML/?uri=CELEX:32008R0295&qid=1447675657496&from=ET;ELi õigusakt
https://www.riigiteataja.ee/akt/13119089?leiaKehtiv;seadus
http://www.emta.ee/index.php?id=14402;muu
http://www.stat.ee/oigusaktid;muu
https://www.riigiteataja.ee/akt/129062014013?leiaKehtiv;seadus
http://www.keskkonnaamet.ee/teenused/kiirgus-2/kiirgustootajate-isikudooside-seire/;muu
http://www.riigiteataja.ee/akt/12769937?leiaKehtiv;seadus
http://www.riigiteataja.ee/akt/13184742?leiaKehtiv;seadus
http://eur-lex.europa.eu/legal-content/ET/TXT/PDF/?uri=CELEX:32003R0450&rid=1;ELi õigusakt
https://www.riigiteataja.ee/akt/121062014001;seadus
https://www.riigiteataja.ee/akt/113012015004;seadus
https://www.riigiteataja.ee/akt/109092015002;seadus
https://www.riigiteataja.ee/akt/131072015009?leiaKehtiv;seadus
https://www.riigiteataja.ee/akt/107012015007;seadus
https://www.riigiteataja.ee/akt/104102013008;seadus
https://www.riigiteataja.ee/akt/106012011020?leiaKehtiv;seadus
https://riigihanked.riik.ee;muu
http://wd.kul.ee/?page=pub_view_dynobj&pid=559607&tid=1479&unit_id=25273&u=20151117110702&desktop=1017&r_url=%2F%3Fpage%3Dpub_list_dynobj%26pid%3D%26tid%3D1479%26u%3D20151117110702;muu
www.etki.ee;muu
https://www.riigiteataja.ee/akt/107062013010?leiaKehtiv;seadus
https://www.riigiteataja.ee/akt/122042015017;seadus
https://www.riigiteataja.ee/akt/123032015134?leiaKehtiv;seadus
http://www.keskkonnaamet.ee/teenused/valisohukaitse/fluoritud-kasvuhoonegaasid-ja-osoonikihti-kahandavad-ained/kaitlemisload/;muu
https://www.mkm.ee/sites/default/files/elfinder/article_files/eesti_infouhiskonna_arengukava.pdf;muu
https://www.mkm.ee/sites/default/files/lihtsam_riik_2020.pdf;muu
https://www.riigiteataja.ee/akt/27784?leiaKehtiv;seadus
https://www.riigiteataja.ee/akt/130062015054?leiaKehtiv;seadus
https://www.riigiteataja.ee/akt/110032015008?leiaKehtiv;seadus
https://www.riigiteataja.ee/akt/106012015013;seadus
https://www.riigiteataja.ee/akt/114032014071?leiaKehtiv;seadus
http://eur-lex.europa.eu/legal-content/ET/TXT/PDF/?uri=CELEX:32013R0549&rid=1;ELi õigusakt
http://www.etki.ee/index.php/publikatsioonid/andmebaasid/pollumajandustehnika-andmebaas;muu
https://www.riigiteataja.ee/akt/128062014054;seadus
https://www.riigiteataja.ee/akt/129122014058;seadus
https://www.riigiteataja.ee/akt/12897112?leiaKehtiv;seadus
https://www.riigiteataja.ee/akt/125112015006?leiaKehtiv;seadus
https://www.riigiteataja.ee/akt/110012012008?leiaKehtiv;seadus
http://www.innove.ee/et/struktuuritoetused/oigusaktid;muu
https://www.riigiteataja.ee/akt/12791909?leiaKehtiv;seadus
https://www.riigiteataja.ee/akt/121122011015?leiaKehtiv;seadus
https://www.riigiteataja.ee/akt/123122015004?leiaKehtiv#para102b1;seadus
http://www.riigiteataja.ee/akt/12760805?leiaKehtiv;seadus
http://www.keskkonnaamet.ee/public/images/16._Keskkonnatasu_deklareerimine.pdf;muu
